AssayId,BlockId,Size,RowSid,RowName,RowTarget,ColSid,ColName,ColTarget,RowIC50,ColIC50,RowConcs,ColConcs,RowConcUnit,ColConcUnit
1764,1,10,NCGC00164591-02,"Artemether","antimalarial agents",NCGC00164591-02,"Artemether","antimalarial agents",0.009439,0.012375,"0.05,0.025,0.0125,0.00625,0.003125,0.0015625,7.8125E-4,3.90625E-4,1.95375E-4,0.0","0.05,0.025,0.0125,0.00625,0.003125,0.0015625,7.8125E-4,3.90625E-4,1.95375E-4,0.0",uM,uM
1764,2,10,NCGC00164600-03,"Artesunate","antimalarial agents",NCGC00164600-03,"Artesunate","antimalarial agents",0.011195,0.00783,"0.05,0.025,0.0125,0.00625,0.003125,0.0015625,7.8125E-4,3.90625E-4,1.95375E-4,0.0","0.05,0.025,0.0125,0.00625,0.003125,0.0015625,7.8125E-4,3.90625E-4,1.95375E-4,0.0",uM,uM
1764,3,10,NCGC00095235-01,"Artenimol","Antimalarial agents; Inhibtion of heme crystallization, redox disruption, SERCA, etc",NCGC00095235-01,"Artenimol","Antimalarial agents; Inhibtion of heme crystallization, redox disruption, SERCA, etc",0.002984,0.001776,"0.05,0.025,0.0125,0.00625,0.003125,0.0015625,7.8125E-4,3.90625E-4,1.95375E-4,0.0","0.025,0.0125,0.00625,0.003125,0.0015625,7.8125E-4,3.90625E-4,1.95375E-4,9.7625E-5,0.0",uM,uM
1764,4,10,NCGC00016627-04,"Lidoflazine","Ca channel blocker - benzhydryl class",NCGC00167490-02,"Lumefantrine","antimalarial agents",11.471294,0.008705,"10.0,5.0,2.5,1.25,0.625,0.3125,0.15625,0.078125,0.0390625,0.0","0.05,0.025,0.0125,0.00625,0.003125,0.0015625,7.8125E-4,3.90625E-4,1.95375E-4,0.0",uM,uM
1764,5,10,NCGC00015256-13,"Chloroquine","antimalarial agents",NCGC00167490-02,"Lumefantrine","antimalarial agents",0.024024,0.009947,"0.75,0.375,0.1875,0.09375,0.046875,0.0234375,0.01171875,0.005859375,0.00292975,0.0","0.05,0.025,0.0125,0.00625,0.003125,0.0015625,7.8125E-4,3.90625E-4,1.95375E-4,0.0",uM,uM
1764,6,10,NCGC00345447-02,"3-Methyladenine","PI3K Inhibitor",NCGC00167490-02,"Lumefantrine","antimalarial agents",0.0,0.007483,"1.0,0.5,0.25,0.125,0.0625,0.03125,0.015625,0.0078125,0.00390625,0.0","0.05,0.025,0.0125,0.00625,0.003125,0.0015625,7.8125E-4,3.90625E-4,1.95375E-4,0.0",uM,uM
1764,7,10,NCGC00346484-01,"ZSTK-474","PI3K Inhibitor",NCGC00346681-01,"NVP-BGT226","PI3K Inhibitor",0.297037,0.001039,"0.75,0.375,0.1875,0.09375,0.046875,0.0234375,0.01171875,0.005859375,0.00292975,0.0","0.01,0.005,0.0025,0.00125,6.25E-4,3.125E-4,1.5625E-4,7.8125E-5,3.9125E-5,0.0",uM,uM
1764,8,10,NCGC00090753-05,"Azithromycin","50S Ribosomal Protein Inhibitors",NCGC00015256-13,"Chloroquine","antimalarial agents",1.084975,0.038249,"10.0,5.0,2.5,1.25,0.625,0.3125,0.15625,0.078125,0.0390625,0.0","0.5,0.25,0.125,0.0625,0.03125,0.015625,0.0078125,0.00390625,0.001953125,0.0",uM,uM
1764,9,10,NCGC00013226-15,"Trifluoperazine hydrochloride","Nav1.4 (SkM1) Sodium Channel Blockers;Nav1.7 (PN1/hNE-Na) Sodium Channel Blockers",NCGC00015256-13,"Chloroquine","antimalarial agents",0.0,0.038348,"10.0,5.0,2.5,1.25,0.625,0.3125,0.15625,0.078125,0.0390625,0.0","0.5,0.25,0.125,0.0625,0.03125,0.015625,0.0078125,0.00390625,0.001953125,0.0",uM,uM
1764,10,10,NCGC00094047-03,"Ivermectin","Glutamate-gated chloride channel activator",NCGC00264109-01,"Decoquinate","Antiprotozoal agent",1.796427,0.004245,"10.0,5.0,2.5,1.25,0.625,0.3125,0.15625,0.078125,0.0390625,0.0","0.25,0.125,0.0625,0.03125,0.015625,0.0078125,0.00390625,0.001953125,9.76625E-4,0.0",uM,uM
1764,11,10,NCGC00025060-16,"Methotrexate","Dihydrofolate Reductase (DHFR) Inhibitors",NCGC00095992-05,"Gramicidin","Antibacterial",0.041806,3.3E-5,"0.5,0.25,0.125,0.0625,0.03125,0.015625,0.0078125,0.00390625,0.001953125,0.0","0.01,0.005,0.0025,0.00125,6.25E-4,3.125E-4,1.5625E-4,7.8125E-5,3.9125E-5,0.0",uM,uM
1764,12,10,NCGC00264111-01,"Genz-668764","unknown",NCGC00095992-05,"Gramicidin","Antibacterial",0.16966,4.3E-5,"0.75,0.375,0.1875,0.09375,0.046875,0.0234375,0.01171875,0.005859375,0.00292975,0.0","0.01,0.005,0.0025,0.00125,6.25E-4,3.125E-4,1.5625E-4,7.8125E-5,3.9125E-5,0.0",uM,uM
1764,13,10,NCGC00015096-11,"Amiodarone hydrochloride","Muscarinic M3 Receptor Ligand",NCGC00242441-02,"ML238","unknown",11.590726,0.007914,"10.0,5.0,2.5,1.25,0.625,0.3125,0.15625,0.078125,0.0390625,0.0","0.05,0.025,0.0125,0.00625,0.003125,0.0015625,7.8125E-4,3.90625E-4,1.95375E-4,0.0",uM,uM
1764,14,10,NCGC00273480-01,"Febrifugine","inhibition of glutamyl-prolyl-tRNA synthetase (EPRS)",NCGC00346524-01,"Nanchangmycin","Polyether Antibiotic",0.003301,3.55E-4,"0.025,0.0125,0.00625,0.003125,0.0015625,7.8125E-4,3.90625E-4,1.95375E-4,9.7625E-5,0.0","0.01,0.005,0.0025,0.00125,6.25E-4,3.125E-4,1.5625E-4,7.8125E-5,3.9125E-5,0.0",uM,uM
1764,15,10,NCGC00179536-03,"Rifampicin","DNA-Directed RNA Polymerase Inhibitor",NCGC00167490-02,"Lumefantrine","antimalarial agents",0.182339,0.011604,"0.75,0.375,0.1875,0.09375,0.046875,0.0234375,0.01171875,0.005859375,0.00292975,0.0","0.05,0.025,0.0125,0.00625,0.003125,0.0015625,7.8125E-4,3.90625E-4,1.95375E-4,0.0",uM,uM
1764,16,10,NCGC00179536-03,"Rifampicin","DNA-Directed RNA Polymerase Inhibitor",NCGC00016864-01,"Mefloquine","antimalarial agents; Inhibtion of heme crystallization",0.196846,0.022351,"0.75,0.375,0.1875,0.09375,0.046875,0.0234375,0.01171875,0.005859375,0.00292975,0.0","0.25,0.125,0.0625,0.03125,0.015625,0.0078125,0.00390625,0.001953125,9.76625E-4,0.0",uM,uM
1764,17,10,NCGC00164543-01,"Lomerizine dihydrochloride","Ca channel blocker - benzhydryl class",NCGC00164591-02,"Artemether","antimalarial agents",4.943564,0.011456,"10.0,5.0,2.5,1.25,0.625,0.3125,0.15625,0.078125,0.0390625,0.0","0.05,0.025,0.0125,0.00625,0.003125,0.0015625,7.8125E-4,3.90625E-4,1.95375E-4,0.0",uM,uM
1764,18,10,NCGC00164543-01,"Lomerizine dihydrochloride","Ca channel blocker - benzhydryl class",NCGC00164600-03,"Artesunate","antimalarial agents",7.230689,0.013033,"10.0,5.0,2.5,1.25,0.625,0.3125,0.15625,0.078125,0.0390625,0.0","0.05,0.025,0.0125,0.00625,0.003125,0.0015625,7.8125E-4,3.90625E-4,1.95375E-4,0.0",uM,uM
1764,19,10,NCGC00164543-01,"Lomerizine dihydrochloride","Ca channel blocker - benzhydryl class",NCGC00095235-01,"Artenimol","Antimalarial agents; Inhibtion of heme crystallization, redox disruption, SERCA, etc",12.76898,0.001952,"10.0,5.0,2.5,1.25,0.625,0.3125,0.15625,0.078125,0.0390625,0.0","0.025,0.0125,0.00625,0.003125,0.0015625,7.8125E-4,3.90625E-4,1.95375E-4,9.7625E-5,0.0",uM,uM
1764,20,10,NCGC00344506-01,"Manoalide","Calcium Channel Blocker",NCGC00164591-02,"Artemether","antimalarial agents",15.74104,0.010974,"10.0,5.0,2.5,1.25,0.625,0.3125,0.15625,0.078125,0.0390625,0.0","0.05,0.025,0.0125,0.00625,0.003125,0.0015625,7.8125E-4,3.90625E-4,1.95375E-4,0.0",uM,uM
1764,21,10,NCGC00344506-01,"Manoalide","Calcium Channel Blocker",NCGC00164600-03,"Artesunate","antimalarial agents",12.521045,0.012786,"10.0,5.0,2.5,1.25,0.625,0.3125,0.15625,0.078125,0.0390625,0.0","0.05,0.025,0.0125,0.00625,0.003125,0.0015625,7.8125E-4,3.90625E-4,1.95375E-4,0.0",uM,uM
1764,22,10,NCGC00344506-01,"Manoalide","Calcium Channel Blocker",NCGC00095235-01,"Artenimol","Antimalarial agents; Inhibtion of heme crystallization, redox disruption, SERCA, etc",5.808929,0.00182,"10.0,5.0,2.5,1.25,0.625,0.3125,0.15625,0.078125,0.0390625,0.0","0.025,0.0125,0.00625,0.003125,0.0015625,7.8125E-4,3.90625E-4,1.95375E-4,9.7625E-5,0.0",uM,uM
1764,23,10,NCGC00344507-02,"Calhex-231","Calcium-Sensing Receptor (CaSR) Agonists",NCGC00164591-02,"Artemether","antimalarial agents",7.755436,0.0157,"10.0,5.0,2.5,1.25,0.625,0.3125,0.15625,0.078125,0.0390625,0.0","0.05,0.025,0.0125,0.00625,0.003125,0.0015625,7.8125E-4,3.90625E-4,1.95375E-4,0.0",uM,uM
1764,24,10,NCGC00344507-02,"Calhex-231","Calcium-Sensing Receptor (CaSR) Agonists",NCGC00164600-03,"Artesunate","antimalarial agents",9.999436,0.010153,"10.0,5.0,2.5,1.25,0.625,0.3125,0.15625,0.078125,0.0390625,0.0","0.05,0.025,0.0125,0.00625,0.003125,0.0015625,7.8125E-4,3.90625E-4,1.95375E-4,0.0",uM,uM
1764,25,10,NCGC00344507-02,"Calhex-231","Calcium-Sensing Receptor (CaSR) Agonists",NCGC00095235-01,"Artenimol","Antimalarial agents; Inhibtion of heme crystallization, redox disruption, SERCA, etc",9.726416,0.001853,"10.0,5.0,2.5,1.25,0.625,0.3125,0.15625,0.078125,0.0390625,0.0","0.025,0.0125,0.00625,0.003125,0.0015625,7.8125E-4,3.90625E-4,1.95375E-4,9.7625E-5,0.0",uM,uM
1764,26,10,NCGC00162453-10,"Trichostatin A","HDAC1 Inhibitor",NCGC00263785-01,"NITD609","antimalarial",0.077638,0.001449,"0.5,0.25,0.125,0.0625,0.03125,0.015625,0.0078125,0.00390625,0.001953125,0.0","0.01,0.005,0.0025,0.00125,6.25E-4,3.125E-4,1.5625E-4,7.8125E-5,3.9125E-5,0.0",uM,uM
1764,27,10,NCGC00162453-10,"Trichostatin A","HDAC1 Inhibitor",NCGC00264109-01,"Decoquinate","Antiprotozoal agent",0.065925,0.003794,"0.5,0.25,0.125,0.0625,0.03125,0.015625,0.0078125,0.00390625,0.001953125,0.0","0.25,0.125,0.0625,0.03125,0.015625,0.0078125,0.00390625,0.001953125,9.76625E-4,0.0",uM,uM
1764,28,10,NCGC00162453-10,"Trichostatin A","HDAC1 Inhibitor",NCGC00095992-05,"Gramicidin","Antibacterial",0.057159,7.2E-5,"0.5,0.25,0.125,0.0625,0.03125,0.015625,0.0078125,0.00390625,0.001953125,0.0","0.01,0.005,0.0025,0.00125,6.25E-4,3.125E-4,1.5625E-4,7.8125E-5,3.9125E-5,0.0",uM,uM
1764,29,10,NCGC00181002-02,"Cinacalcet hydrochloride","Calcium-Sensing Receptor (CaSR) Agonists",NCGC00015256-13,"Chloroquine","antimalarial agents",6.987945,0.053428,"10.0,5.0,2.5,1.25,0.625,0.3125,0.15625,0.078125,0.0390625,0.0","0.5,0.25,0.125,0.0625,0.03125,0.015625,0.0078125,0.00390625,0.001953125,0.0",uM,uM
1764,30,10,NCGC00181002-02,"Cinacalcet hydrochloride","Calcium-Sensing Receptor (CaSR) Agonists",NCGC00242441-02,"ML238","unknown",3.363267,0.008168,"10.0,5.0,2.5,1.25,0.625,0.3125,0.15625,0.078125,0.0390625,0.0","0.05,0.025,0.0125,0.00625,0.003125,0.0015625,7.8125E-4,3.90625E-4,1.95375E-4,0.0",uM,uM
1764,31,10,NCGC00181002-02,"Cinacalcet hydrochloride","Calcium-Sensing Receptor (CaSR) Agonists",NCGC00344515-02,"Piperaquine","antimalarial agents",22.000004,0.043521,"10.0,5.0,2.5,1.25,0.625,0.3125,0.15625,0.078125,0.0390625,0.0","0.75,0.375,0.1875,0.09375,0.046875,0.0234375,0.01171875,0.005859375,0.00292975,0.0",uM,uM
1764,32,10,NCGC00024379-04,"Emetine","antiprotozoal agent",NCGC00164591-02,"Artemether","antimalarial agents",0.15669,0.006827,"0.75,0.375,0.1875,0.09375,0.046875,0.0234375,0.01171875,0.005859375,0.00292975,0.0","0.05,0.025,0.0125,0.00625,0.003125,0.0015625,7.8125E-4,3.90625E-4,1.95375E-4,0.0",uM,uM
1764,33,10,NCGC00024379-04,"Emetine","antiprotozoal agent",NCGC00164600-03,"Artesunate","antimalarial agents",0.13223,0.014287,"0.75,0.375,0.1875,0.09375,0.046875,0.0234375,0.01171875,0.005859375,0.00292975,0.0","0.05,0.025,0.0125,0.00625,0.003125,0.0015625,7.8125E-4,3.90625E-4,1.95375E-4,0.0",uM,uM
1764,34,10,NCGC00024379-04,"Emetine","antiprotozoal agent",NCGC00095235-01,"Artenimol","Antimalarial agents; Inhibtion of heme crystallization, redox disruption, SERCA, etc",0.119089,0.001212,"0.75,0.375,0.1875,0.09375,0.046875,0.0234375,0.01171875,0.005859375,0.00292975,0.0","0.025,0.0125,0.00625,0.003125,0.0015625,7.8125E-4,3.90625E-4,1.95375E-4,9.7625E-5,0.0",uM,uM
1764,35,10,NCGC00024379-04,"Emetine","antiprotozoal agent",NCGC00346681-01,"NVP-BGT226","PI3K Inhibitor",0.137774,0.001225,"0.75,0.375,0.1875,0.09375,0.046875,0.0234375,0.01171875,0.005859375,0.00292975,0.0","0.01,0.005,0.0025,0.00125,6.25E-4,3.125E-4,1.5625E-4,7.8125E-5,3.9125E-5,0.0",uM,uM
1764,36,10,NCGC00018261-05,"Perhexiline","mitochondrial carnitine palmitoyltransferase-1 inhbitior",NCGC00164591-02,"Artemether","antimalarial agents",7.572329,0.031554,"10.0,5.0,2.5,1.25,0.625,0.3125,0.15625,0.078125,0.0390625,0.0","0.05,0.025,0.0125,0.00625,0.003125,0.0015625,7.8125E-4,3.90625E-4,1.95375E-4,0.0",uM,uM
1764,37,10,NCGC00018261-05,"Perhexiline","mitochondrial carnitine palmitoyltransferase-1 inhbitior",NCGC00164600-03,"Artesunate","antimalarial agents",10.664386,0.009624,"10.0,5.0,2.5,1.25,0.625,0.3125,0.15625,0.078125,0.0390625,0.0","0.05,0.025,0.0125,0.00625,0.003125,0.0015625,7.8125E-4,3.90625E-4,1.95375E-4,0.0",uM,uM
1764,38,10,NCGC00018261-05,"Perhexiline","mitochondrial carnitine palmitoyltransferase-1 inhbitior",NCGC00095235-01,"Artenimol","Antimalarial agents; Inhibtion of heme crystallization, redox disruption, SERCA, etc",5.684171,0.001013,"10.0,5.0,2.5,1.25,0.625,0.3125,0.15625,0.078125,0.0390625,0.0","0.025,0.0125,0.00625,0.003125,0.0015625,7.8125E-4,3.90625E-4,1.95375E-4,9.7625E-5,0.0",uM,uM
1764,39,10,NCGC00018261-05,"Perhexiline","mitochondrial carnitine palmitoyltransferase-1 inhbitior",NCGC00159445-02,"Methylene blue","antimalarial agents; possible altered redox environment, glutathione reductase inhibitor",5.570316,0.0127,"10.0,5.0,2.5,1.25,0.625,0.3125,0.15625,0.078125,0.0390625,0.0","0.075,0.0375,0.01875,0.009375,0.0046875,0.00234375,0.001171875,5.86E-4,2.93E-4,0.0",uM,uM
1764,40,10,NCGC00167490-02,"Lumefantrine","antimalarial agents",NCGC00164591-02,"Artemether","antimalarial agents",0.011572,0.013097,"0.05,0.025,0.0125,0.00625,0.003125,0.0015625,7.8125E-4,3.90625E-4,1.95375E-4,0.0","0.05,0.025,0.0125,0.00625,0.003125,0.0015625,7.8125E-4,3.90625E-4,1.95375E-4,0.0",uM,uM
1764,41,10,NCGC00167490-02,"Lumefantrine","antimalarial agents",NCGC00164600-03,"Artesunate","antimalarial agents",0.013831,0.009898,"0.05,0.025,0.0125,0.00625,0.003125,0.0015625,7.8125E-4,3.90625E-4,1.95375E-4,0.0","0.05,0.025,0.0125,0.00625,0.003125,0.0015625,7.8125E-4,3.90625E-4,1.95375E-4,0.0",uM,uM
1764,42,10,NCGC00167490-02,"Lumefantrine","antimalarial agents",NCGC00095235-01,"Artenimol","Antimalarial agents; Inhibtion of heme crystallization, redox disruption, SERCA, etc",0.013328,0.001636,"0.05,0.025,0.0125,0.00625,0.003125,0.0015625,7.8125E-4,3.90625E-4,1.95375E-4,0.0","0.025,0.0125,0.00625,0.003125,0.0015625,7.8125E-4,3.90625E-4,1.95375E-4,9.7625E-5,0.0",uM,uM
1764,43,10,NCGC00167490-02,"Lumefantrine","antimalarial agents",NCGC00167490-02,"Lumefantrine","antimalarial agents",0.012485,0.014163,"0.05,0.025,0.0125,0.00625,0.003125,0.0015625,7.8125E-4,3.90625E-4,1.95375E-4,0.0","0.05,0.025,0.0125,0.00625,0.003125,0.0015625,7.8125E-4,3.90625E-4,1.95375E-4,0.0",uM,uM
1764,44,10,NCGC00346654-01,"INK-128","mTORC1/2 inhibitor",NCGC00016864-01,"Mefloquine","antimalarial agents; Inhibtion of heme crystallization",0.156888,0.025186,"0.17500000000000002,0.08750000000000001,0.043750000000000004,0.021875000000000002,0.010937500000000001,0.0054687500000000005,0.0027343750000000003,0.0013672500000000002,6.836250000000001E-4,0.0","0.25,0.125,0.0625,0.03125,0.015625,0.0078125,0.00390625,0.001953125,9.76625E-4,0.0",uM,uM
1764,45,10,NCGC00346654-01,"INK-128","mTORC1/2 inhibitor",NCGC00346681-01,"NVP-BGT226","PI3K Inhibitor",0.169513,0.001076,"0.17500000000000002,0.08750000000000001,0.043750000000000004,0.021875000000000002,0.010937500000000001,0.0054687500000000005,0.0027343750000000003,0.0013672500000000002,6.836250000000001E-4,0.0","0.01,0.005,0.0025,0.00125,6.25E-4,3.125E-4,1.5625E-4,7.8125E-5,3.9125E-5,0.0",uM,uM
1764,46,10,NCGC00249613-03,"Carfilzomib","Proteasome Inhibitor",NCGC00346654-01,"INK-128","mTORC1/2 inhibitor",0.114853,0.221653,"0.1,0.05,0.025,0.0125,0.00625,0.003125,0.0015625,7.8125E-4,3.90625E-4,0.0","0.17500000000000002,0.08750000000000001,0.043750000000000004,0.021875000000000002,0.010937500000000001,0.0054687500000000005,0.0027343750000000003,0.0013672500000000002,6.836250000000001E-4,0.0",uM,uM
1764,47,10,NCGC00017363-10,"cycloheximide","GSK-3beta Inhibitor; tau Protein Kinase I Inhibitor",NCGC00346654-01,"INK-128","mTORC1/2 inhibitor",0.781595,0.165628,"1.0,0.5,0.25,0.125,0.0625,0.03125,0.015625,0.0078125,0.00390625,0.0","0.17500000000000002,0.08750000000000001,0.043750000000000004,0.021875000000000002,0.010937500000000001,0.0054687500000000005,0.0027343750000000003,0.0013672500000000002,6.836250000000001E-4,0.0",uM,uM
1764,48,10,NCGC00162440-01,"Elactocin","Antineoplastic Antibiotics",NCGC00164591-02,"Artemether","antimalarial agents",0.868395,0.012238,"0.375,0.1875,0.09375,0.046875,0.0234375,0.01171875,0.005859375,0.00292975,0.001464875,0.0","0.05,0.025,0.0125,0.00625,0.003125,0.0015625,7.8125E-4,3.90625E-4,1.95375E-4,0.0",uM,uM
1764,49,10,NCGC00162440-01,"Elactocin","Antineoplastic Antibiotics",NCGC00164600-03,"Artesunate","antimalarial agents",0.840569,0.011812,"0.375,0.1875,0.09375,0.046875,0.0234375,0.01171875,0.005859375,0.00292975,0.001464875,0.0","0.05,0.025,0.0125,0.00625,0.003125,0.0015625,7.8125E-4,3.90625E-4,1.95375E-4,0.0",uM,uM
1764,50,10,NCGC00162440-01,"Elactocin","Antineoplastic Antibiotics",NCGC00095235-01,"Artenimol","Antimalarial agents; Inhibtion of heme crystallization, redox disruption, SERCA, etc",0.783835,0.001869,"0.375,0.1875,0.09375,0.046875,0.0234375,0.01171875,0.005859375,0.00292975,0.001464875,0.0","0.025,0.0125,0.00625,0.003125,0.0015625,7.8125E-4,3.90625E-4,1.95375E-4,9.7625E-5,0.0",uM,uM
1764,51,10,NCGC00162440-01,"Elactocin","Antineoplastic Antibiotics",NCGC00242441-02,"ML238","unknown",0.0,0.0,"0.375,0.1875,0.09375,0.046875,0.0234375,0.01171875,0.005859375,0.00292975,0.001464875,0.0","0.05,0.025,0.0125,0.00625,0.003125,0.0015625,7.8125E-4,3.90625E-4,1.95375E-4,0.0",uM,uM
1764,52,10,NCGC00162440-01,"Elactocin","Antineoplastic Antibiotics",NCGC00346524-01,"Nanchangmycin","Polyether Antibiotic",0.879421,2.75E-4,"0.375,0.1875,0.09375,0.046875,0.0234375,0.01171875,0.005859375,0.00292975,0.001464875,0.0","0.01,0.005,0.0025,0.00125,6.25E-4,3.125E-4,1.5625E-4,7.8125E-5,3.9125E-5,0.0",uM,uM
1764,53,10,NCGC00017363-10,"cycloheximide","GSK-3beta Inhibitor; tau Protein Kinase I Inhibitor",NCGC00164591-02,"Artemether","antimalarial agents",0.390594,0.016736,"1.0,0.5,0.25,0.125,0.0625,0.03125,0.015625,0.0078125,0.00390625,0.0","0.05,0.025,0.0125,0.00625,0.003125,0.0015625,7.8125E-4,3.90625E-4,1.95375E-4,0.0",uM,uM
1764,54,10,NCGC00017363-10,"cycloheximide","GSK-3beta Inhibitor; tau Protein Kinase I Inhibitor",NCGC00164600-03,"Artesunate","antimalarial agents",3.148802,0.013934,"1.0,0.5,0.25,0.125,0.0625,0.03125,0.015625,0.0078125,0.00390625,0.0","0.05,0.025,0.0125,0.00625,0.003125,0.0015625,7.8125E-4,3.90625E-4,1.95375E-4,0.0",uM,uM
1764,55,10,NCGC00017363-10,"cycloheximide","GSK-3beta Inhibitor; tau Protein Kinase I Inhibitor",NCGC00095235-01,"Artenimol","Antimalarial agents; Inhibtion of heme crystallization, redox disruption, SERCA, etc",0.975163,0.001601,"1.0,0.5,0.25,0.125,0.0625,0.03125,0.015625,0.0078125,0.00390625,0.0","0.025,0.0125,0.00625,0.003125,0.0015625,7.8125E-4,3.90625E-4,1.95375E-4,9.7625E-5,0.0",uM,uM
1764,56,10,NCGC00017363-10,"cycloheximide","GSK-3beta Inhibitor; tau Protein Kinase I Inhibitor",NCGC00159445-02,"Methylene blue","antimalarial agents; possible altered redox environment, glutathione reductase inhibitor",0.47065,0.012232,"1.0,0.5,0.25,0.125,0.0625,0.03125,0.015625,0.0078125,0.00390625,0.0","0.075,0.0375,0.01875,0.009375,0.0046875,0.00234375,0.001171875,5.86E-4,2.93E-4,0.0",uM,uM
1764,57,10,NCGC00344515-02,"Piperaquine","antimalarial agents",NCGC00164591-02,"Artemether","antimalarial agents",0.043911,0.028114,"0.75,0.375,0.1875,0.09375,0.046875,0.0234375,0.01171875,0.005859375,0.00292975,0.0","0.05,0.025,0.0125,0.00625,0.003125,0.0015625,7.8125E-4,3.90625E-4,1.95375E-4,0.0",uM,uM
1764,58,10,NCGC00344515-02,"Piperaquine","antimalarial agents",NCGC00164600-03,"Artesunate","antimalarial agents",0.047941,0.009525,"0.75,0.375,0.1875,0.09375,0.046875,0.0234375,0.01171875,0.005859375,0.00292975,0.0","0.05,0.025,0.0125,0.00625,0.003125,0.0015625,7.8125E-4,3.90625E-4,1.95375E-4,0.0",uM,uM
1764,59,10,NCGC00344515-02,"Piperaquine","antimalarial agents",NCGC00095235-01,"Artenimol","Antimalarial agents; Inhibtion of heme crystallization, redox disruption, SERCA, etc",0.046343,0.001587,"0.75,0.375,0.1875,0.09375,0.046875,0.0234375,0.01171875,0.005859375,0.00292975,0.0","0.025,0.0125,0.00625,0.003125,0.0015625,7.8125E-4,3.90625E-4,1.95375E-4,9.7625E-5,0.0",uM,uM
1764,60,10,NCGC00344515-02,"Piperaquine","antimalarial agents",NCGC00159445-02,"Methylene blue","antimalarial agents; possible altered redox environment, glutathione reductase inhibitor",0.047798,0.013465,"0.75,0.375,0.1875,0.09375,0.046875,0.0234375,0.01171875,0.005859375,0.00292975,0.0","0.075,0.0375,0.01875,0.009375,0.0046875,0.00234375,0.001171875,5.86E-4,2.93E-4,0.0",uM,uM
1764,61,10,NCGC00246187-02,"Pyronaridine","antimalarial agents",NCGC00164591-02,"Artemether","antimalarial agents",0.024063,0.014088,"0.17500000000000002,0.08750000000000001,0.043750000000000004,0.021875000000000002,0.010937500000000001,0.0054687500000000005,0.0027343750000000003,0.0013672500000000002,6.836250000000001E-4,0.0","0.05,0.025,0.0125,0.00625,0.003125,0.0015625,7.8125E-4,3.90625E-4,1.95375E-4,0.0",uM,uM
1764,62,10,NCGC00246187-02,"Pyronaridine","antimalarial agents",NCGC00164600-03,"Artesunate","antimalarial agents",0.025307,0.01045,"0.17500000000000002,0.08750000000000001,0.043750000000000004,0.021875000000000002,0.010937500000000001,0.0054687500000000005,0.0027343750000000003,0.0013672500000000002,6.836250000000001E-4,0.0","0.05,0.025,0.0125,0.00625,0.003125,0.0015625,7.8125E-4,3.90625E-4,1.95375E-4,0.0",uM,uM
1764,63,10,NCGC00246187-02,"Pyronaridine","antimalarial agents",NCGC00095235-01,"Artenimol","Antimalarial agents; Inhibtion of heme crystallization, redox disruption, SERCA, etc",0.024582,0.001592,"0.17500000000000002,0.08750000000000001,0.043750000000000004,0.021875000000000002,0.010937500000000001,0.0054687500000000005,0.0027343750000000003,0.0013672500000000002,6.836250000000001E-4,0.0","0.025,0.0125,0.00625,0.003125,0.0015625,7.8125E-4,3.90625E-4,1.95375E-4,9.7625E-5,0.0",uM,uM
1764,64,10,NCGC00246187-02,"Pyronaridine","antimalarial agents",NCGC00015256-13,"Chloroquine","antimalarial agents",0.024533,0.02461,"0.17500000000000002,0.08750000000000001,0.043750000000000004,0.021875000000000002,0.010937500000000001,0.0054687500000000005,0.0027343750000000003,0.0013672500000000002,6.836250000000001E-4,0.0","0.5,0.25,0.125,0.0625,0.03125,0.015625,0.0078125,0.00390625,0.001953125,0.0",uM,uM
1764,65,10,NCGC00246187-02,"Pyronaridine","antimalarial agents",NCGC00095992-05,"Gramicidin","Antibacterial",0.024789,3.1E-5,"0.17500000000000002,0.08750000000000001,0.043750000000000004,0.021875000000000002,0.010937500000000001,0.0054687500000000005,0.0027343750000000003,0.0013672500000000002,6.836250000000001E-4,0.0","0.01,0.005,0.0025,0.00125,6.25E-4,3.125E-4,1.5625E-4,7.8125E-5,3.9125E-5,0.0",uM,uM
1764,66,10,NCGC00247878-01,"NVP-AUY922","Heat Shock Protein 90 (hsp90) Inhibitor",NCGC00164591-02,"Artemether","antimalarial agents",0.053604,0.01902,"0.5,0.25,0.125,0.0625,0.03125,0.015625,0.0078125,0.00390625,0.001953125,0.0","0.05,0.025,0.0125,0.00625,0.003125,0.0015625,7.8125E-4,3.90625E-4,1.95375E-4,0.0",uM,uM
1764,67,10,NCGC00247878-01,"NVP-AUY922","Heat Shock Protein 90 (hsp90) Inhibitor",NCGC00164600-03,"Artesunate","antimalarial agents",0.045891,0.009379,"0.5,0.25,0.125,0.0625,0.03125,0.015625,0.0078125,0.00390625,0.001953125,0.0","0.05,0.025,0.0125,0.00625,0.003125,0.0015625,7.8125E-4,3.90625E-4,1.95375E-4,0.0",uM,uM
1764,68,10,NCGC00247878-01,"NVP-AUY922","Heat Shock Protein 90 (hsp90) Inhibitor",NCGC00095235-01,"Artenimol","Antimalarial agents; Inhibtion of heme crystallization, redox disruption, SERCA, etc",0.053657,0.001363,"0.5,0.25,0.125,0.0625,0.03125,0.015625,0.0078125,0.00390625,0.001953125,0.0","0.025,0.0125,0.00625,0.003125,0.0015625,7.8125E-4,3.90625E-4,1.95375E-4,9.7625E-5,0.0",uM,uM
1764,69,10,NCGC00247878-01,"NVP-AUY922","Heat Shock Protein 90 (hsp90) Inhibitor",NCGC00346681-01,"NVP-BGT226","PI3K Inhibitor",0.048122,0.001059,"0.5,0.25,0.125,0.0625,0.03125,0.015625,0.0078125,0.00390625,0.001953125,0.0","0.01,0.005,0.0025,0.00125,6.25E-4,3.125E-4,1.5625E-4,7.8125E-5,3.9125E-5,0.0",uM,uM
1764,70,10,NCGC00247878-01,"NVP-AUY922","Heat Shock Protein 90 (hsp90) Inhibitor",NCGC00346524-01,"Nanchangmycin","Polyether Antibiotic",0.03515,2.59E-4,"0.5,0.25,0.125,0.0625,0.03125,0.015625,0.0078125,0.00390625,0.001953125,0.0","0.01,0.005,0.0025,0.00125,6.25E-4,3.125E-4,1.5625E-4,7.8125E-5,3.9125E-5,0.0",uM,uM
1764,71,10,NCGC00249613-03,"Carfilzomib","Proteasome Inhibitor",NCGC00164591-02,"Artemether","antimalarial agents",0.34571,0.017666,"0.1,0.05,0.025,0.0125,0.00625,0.003125,0.0015625,7.8125E-4,3.90625E-4,0.0","0.05,0.025,0.0125,0.00625,0.003125,0.0015625,7.8125E-4,3.90625E-4,1.95375E-4,0.0",uM,uM
1764,72,10,NCGC00249613-03,"Carfilzomib","Proteasome Inhibitor",NCGC00164600-03,"Artesunate","antimalarial agents",0.0,0.013563,"0.1,0.05,0.025,0.0125,0.00625,0.003125,0.0015625,7.8125E-4,3.90625E-4,0.0","0.05,0.025,0.0125,0.00625,0.003125,0.0015625,7.8125E-4,3.90625E-4,1.95375E-4,0.0",uM,uM
1764,73,10,NCGC00249613-03,"Carfilzomib","Proteasome Inhibitor",NCGC00095235-01,"Artenimol","Antimalarial agents; Inhibtion of heme crystallization, redox disruption, SERCA, etc",0.060986,0.001434,"0.1,0.05,0.025,0.0125,0.00625,0.003125,0.0015625,7.8125E-4,3.90625E-4,0.0","0.025,0.0125,0.00625,0.003125,0.0015625,7.8125E-4,3.90625E-4,1.95375E-4,9.7625E-5,0.0",uM,uM
1764,74,10,NCGC00249613-03,"Carfilzomib","Proteasome Inhibitor",NCGC00242441-02,"ML238","unknown",1.339881,0.0,"0.1,0.05,0.025,0.0125,0.00625,0.003125,0.0015625,7.8125E-4,3.90625E-4,0.0","0.05,0.025,0.0125,0.00625,0.003125,0.0015625,7.8125E-4,3.90625E-4,1.95375E-4,0.0",uM,uM
1764,75,10,NCGC00091112-08,"Methylrosaniline chloride","TNFR1 (p55/CD120a) Modulator",NCGC00167490-02,"Lumefantrine","antimalarial agents",0.051217,0.011791,"0.075,0.0375,0.01875,0.009375,0.0046875,0.00234375,0.001171875,5.86E-4,2.93E-4,0.0","0.05,0.025,0.0125,0.00625,0.003125,0.0015625,7.8125E-4,3.90625E-4,1.95375E-4,0.0",uM,uM
1764,76,10,NCGC00091112-08,"Methylrosaniline chloride","TNFR1 (p55/CD120a) Modulator",NCGC00016961-07,"Atovaquone","Synergistic with proguanil, mitochondrial sensitizer (cytochrome bc1 complex)",0.202188,6.35E-4,"0.075,0.0375,0.01875,0.009375,0.0046875,0.00234375,0.001171875,5.86E-4,2.93E-4,0.0","0.025,0.0125,0.00625,0.003125,0.0015625,7.8125E-4,3.90625E-4,1.95375E-4,9.7625E-5,0.0",uM,uM
1764,77,10,NCGC00091112-08,"Methylrosaniline chloride","TNFR1 (p55/CD120a) Modulator",NCGC00016528-06,"Proguanil","DHFR inhibitor",0.234509,0.047803,"0.075,0.0375,0.01875,0.009375,0.0046875,0.00234375,0.001171875,5.86E-4,2.93E-4,0.0","0.17500000000000002,0.08750000000000001,0.043750000000000004,0.021875000000000002,0.010937500000000001,0.0054687500000000005,0.0027343750000000003,0.0013672500000000002,6.836250000000001E-4,0.0",uM,uM
1764,78,10,NCGC00091112-08,"Methylrosaniline chloride","TNFR1 (p55/CD120a) Modulator",NCGC00242441-02,"ML238","unknown",0.046311,108.20716,"0.075,0.0375,0.01875,0.009375,0.0046875,0.00234375,0.001171875,5.86E-4,2.93E-4,0.0","0.05,0.025,0.0125,0.00625,0.003125,0.0015625,7.8125E-4,3.90625E-4,1.95375E-4,0.0",uM,uM
1764,79,10,NCGC00263379-01,"Genz-669178","PfDHODH",NCGC00091112-08,"Methylrosaniline chloride","TNFR1 (p55/CD120a) Modulator",0.022574,0.060944,"0.17500000000000002,0.08750000000000001,0.043750000000000004,0.021875000000000002,0.010937500000000001,0.0054687500000000005,0.0027343750000000003,0.0013672500000000002,6.836250000000001E-4,0.0","0.075,0.0375,0.01875,0.009375,0.0046875,0.00234375,0.001171875,5.86E-4,2.93E-4,0.0",uM,uM
1764,80,10,NCGC00167493-04,"Manidipine dihydrochloride","Calcium Channel Blocker",NCGC00164591-02,"Artemether","antimalarial agents",4.81891,0.012132,"10.0,5.0,2.5,1.25,0.625,0.3125,0.15625,0.078125,0.0390625,0.0","0.05,0.025,0.0125,0.00625,0.003125,0.0015625,7.8125E-4,3.90625E-4,1.95375E-4,0.0",uM,uM
1764,81,10,NCGC00167493-04,"Manidipine dihydrochloride","Calcium Channel Blocker",NCGC00164600-03,"Artesunate","antimalarial agents",3.410031,0.014664,"10.0,5.0,2.5,1.25,0.625,0.3125,0.15625,0.078125,0.0390625,0.0","0.05,0.025,0.0125,0.00625,0.003125,0.0015625,7.8125E-4,3.90625E-4,1.95375E-4,0.0",uM,uM
1764,82,10,NCGC00167493-04,"Manidipine dihydrochloride","Calcium Channel Blocker",NCGC00095235-01,"Artenimol","Antimalarial agents; Inhibtion of heme crystallization, redox disruption, SERCA, etc",5.284704,0.001331,"10.0,5.0,2.5,1.25,0.625,0.3125,0.15625,0.078125,0.0390625,0.0","0.025,0.0125,0.00625,0.003125,0.0015625,7.8125E-4,3.90625E-4,1.95375E-4,9.7625E-5,0.0",uM,uM
1764,83,10,NCGC00167493-04,"Manidipine dihydrochloride","Calcium Channel Blocker",NCGC00167490-02,"Lumefantrine","antimalarial agents",4.772408,0.014745,"10.0,5.0,2.5,1.25,0.625,0.3125,0.15625,0.078125,0.0390625,0.0","0.05,0.025,0.0125,0.00625,0.003125,0.0015625,7.8125E-4,3.90625E-4,1.95375E-4,0.0",uM,uM
1764,84,10,NCGC00167493-04,"Manidipine dihydrochloride","Calcium Channel Blocker",NCGC00159445-02,"Methylene blue","antimalarial agents; possible altered redox environment, glutathione reductase inhibitor",7.553373,0.012567,"10.0,5.0,2.5,1.25,0.625,0.3125,0.15625,0.078125,0.0390625,0.0","0.075,0.0375,0.01875,0.009375,0.0046875,0.00234375,0.001171875,5.86E-4,2.93E-4,0.0",uM,uM
1764,85,10,NCGC00167493-04,"Manidipine dihydrochloride","Calcium Channel Blocker",NCGC00016864-01,"Mefloquine","antimalarial agents; Inhibtion of heme crystallization",43.887142,0.023523,"10.0,5.0,2.5,1.25,0.625,0.3125,0.15625,0.078125,0.0390625,0.0","0.25,0.125,0.0625,0.03125,0.015625,0.0078125,0.00390625,0.001953125,9.76625E-4,0.0",uM,uM
1764,86,10,NCGC00015747-07,"Nicardipine","Ca channel blocker - DHP class",NCGC00164591-02,"Artemether","antimalarial agents",5.176721,0.012645,"10.0,5.0,2.5,1.25,0.625,0.3125,0.15625,0.078125,0.0390625,0.0","0.05,0.025,0.0125,0.00625,0.003125,0.0015625,7.8125E-4,3.90625E-4,1.95375E-4,0.0",uM,uM
1764,87,10,NCGC00015747-07,"Nicardipine","Ca channel blocker - DHP class",NCGC00164600-03,"Artesunate","antimalarial agents",17.73721,0.012095,"10.0,5.0,2.5,1.25,0.625,0.3125,0.15625,0.078125,0.0390625,0.0","0.05,0.025,0.0125,0.00625,0.003125,0.0015625,7.8125E-4,3.90625E-4,1.95375E-4,0.0",uM,uM
1764,88,10,NCGC00015747-07,"Nicardipine","Ca channel blocker - DHP class",NCGC00095235-01,"Artenimol","Antimalarial agents; Inhibtion of heme crystallization, redox disruption, SERCA, etc",27.472055,0.001246,"10.0,5.0,2.5,1.25,0.625,0.3125,0.15625,0.078125,0.0390625,0.0","0.025,0.0125,0.00625,0.003125,0.0015625,7.8125E-4,3.90625E-4,1.95375E-4,9.7625E-5,0.0",uM,uM
1764,89,10,NCGC00015747-07,"Nicardipine","Ca channel blocker - DHP class",NCGC00167490-02,"Lumefantrine","antimalarial agents",33.375202,0.010601,"10.0,5.0,2.5,1.25,0.625,0.3125,0.15625,0.078125,0.0390625,0.0","0.05,0.025,0.0125,0.00625,0.003125,0.0015625,7.8125E-4,3.90625E-4,1.95375E-4,0.0",uM,uM
1764,90,10,NCGC00015747-07,"Nicardipine","Ca channel blocker - DHP class",NCGC00159445-02,"Methylene blue","antimalarial agents; possible altered redox environment, glutathione reductase inhibitor",5.403319,0.011534,"10.0,5.0,2.5,1.25,0.625,0.3125,0.15625,0.078125,0.0390625,0.0","0.075,0.0375,0.01875,0.009375,0.0046875,0.00234375,0.001171875,5.86E-4,2.93E-4,0.0",uM,uM
1764,91,10,NCGC00015747-07,"Nicardipine","Ca channel blocker - DHP class",NCGC00016864-01,"Mefloquine","antimalarial agents; Inhibtion of heme crystallization",37.395184,0.025922,"10.0,5.0,2.5,1.25,0.625,0.3125,0.15625,0.078125,0.0390625,0.0","0.25,0.125,0.0625,0.03125,0.015625,0.0078125,0.00390625,0.001953125,9.76625E-4,0.0",uM,uM
1764,92,10,NCGC00263216-02,"Torin-2","mTORC1 Inhibitor",NCGC00164591-02,"Artemether","antimalarial agents",5.25E-4,0.012752,"0.01,0.005,0.0025,0.00125,6.25E-4,3.125E-4,1.5625E-4,7.8125E-5,3.9125E-5,0.0","0.05,0.025,0.0125,0.00625,0.003125,0.0015625,7.8125E-4,3.90625E-4,1.95375E-4,0.0",uM,uM
1764,93,10,NCGC00263216-02,"Torin-2","mTORC1 Inhibitor",NCGC00164600-03,"Artesunate","antimalarial agents",5.33E-4,0.011052,"0.01,0.005,0.0025,0.00125,6.25E-4,3.125E-4,1.5625E-4,7.8125E-5,3.9125E-5,0.0","0.05,0.025,0.0125,0.00625,0.003125,0.0015625,7.8125E-4,3.90625E-4,1.95375E-4,0.0",uM,uM
1764,94,10,NCGC00263216-02,"Torin-2","mTORC1 Inhibitor",NCGC00095235-01,"Artenimol","Antimalarial agents; Inhibtion of heme crystallization, redox disruption, SERCA, etc",5.3E-4,0.001302,"0.01,0.005,0.0025,0.00125,6.25E-4,3.125E-4,1.5625E-4,7.8125E-5,3.9125E-5,0.0","0.025,0.0125,0.00625,0.003125,0.0015625,7.8125E-4,3.90625E-4,1.95375E-4,9.7625E-5,0.0",uM,uM
1764,95,10,NCGC00263216-02,"Torin-2","mTORC1 Inhibitor",NCGC00167490-02,"Lumefantrine","antimalarial agents",6.08E-4,0.013168,"0.01,0.005,0.0025,0.00125,6.25E-4,3.125E-4,1.5625E-4,7.8125E-5,3.9125E-5,0.0","0.05,0.025,0.0125,0.00625,0.003125,0.0015625,7.8125E-4,3.90625E-4,1.95375E-4,0.0",uM,uM
1764,96,10,NCGC00263216-02,"Torin-2","mTORC1 Inhibitor",NCGC00346681-01,"NVP-BGT226","PI3K Inhibitor",9.61E-4,9.42E-4,"0.01,0.005,0.0025,0.00125,6.25E-4,3.125E-4,1.5625E-4,7.8125E-5,3.9125E-5,0.0","0.01,0.005,0.0025,0.00125,6.25E-4,3.125E-4,1.5625E-4,7.8125E-5,3.9125E-5,0.0",uM,uM
1764,97,10,NCGC00263216-02,"Torin-2","mTORC1 Inhibitor",NCGC00346524-01,"Nanchangmycin","Polyether Antibiotic",5.5E-4,3.33E-4,"0.01,0.005,0.0025,0.00125,6.25E-4,3.125E-4,1.5625E-4,7.8125E-5,3.9125E-5,0.0","0.01,0.005,0.0025,0.00125,6.25E-4,3.125E-4,1.5625E-4,7.8125E-5,3.9125E-5,0.0",uM,uM
1764,98,10,NCGC00241102-02,"PKC 412","PKC/flt3 inhibitor",NCGC00164591-02,"Artemether","antimalarial agents",0.432314,0.013155,"2.5,1.25,0.625,0.3125,0.15625,0.078125,0.0390625,0.01953125,0.009765625,0.0","0.05,0.025,0.0125,0.00625,0.003125,0.0015625,7.8125E-4,3.90625E-4,1.95375E-4,0.0",uM,uM
1764,99,10,NCGC00241102-02,"PKC 412","PKC/flt3 inhibitor",NCGC00164600-03,"Artesunate","antimalarial agents",0.367974,0.010641,"2.5,1.25,0.625,0.3125,0.15625,0.078125,0.0390625,0.01953125,0.009765625,0.0","0.05,0.025,0.0125,0.00625,0.003125,0.0015625,7.8125E-4,3.90625E-4,1.95375E-4,0.0",uM,uM
1764,100,10,NCGC00241102-02,"PKC 412","PKC/flt3 inhibitor",NCGC00095235-01,"Artenimol","Antimalarial agents; Inhibtion of heme crystallization, redox disruption, SERCA, etc",0.314836,0.001394,"2.5,1.25,0.625,0.3125,0.15625,0.078125,0.0390625,0.01953125,0.009765625,0.0","0.025,0.0125,0.00625,0.003125,0.0015625,7.8125E-4,3.90625E-4,1.95375E-4,9.7625E-5,0.0",uM,uM
1764,101,10,NCGC00241102-02,"PKC 412","PKC/flt3 inhibitor",NCGC00167490-02,"Lumefantrine","antimalarial agents",0.301724,0.01311,"2.5,1.25,0.625,0.3125,0.15625,0.078125,0.0390625,0.01953125,0.009765625,0.0","0.05,0.025,0.0125,0.00625,0.003125,0.0015625,7.8125E-4,3.90625E-4,1.95375E-4,0.0",uM,uM
1764,102,10,NCGC00241102-02,"PKC 412","PKC/flt3 inhibitor",NCGC00016864-01,"Mefloquine","antimalarial agents; Inhibtion of heme crystallization",0.393333,0.018325,"2.5,1.25,0.625,0.3125,0.15625,0.078125,0.0390625,0.01953125,0.009765625,0.0","0.25,0.125,0.0625,0.03125,0.015625,0.0078125,0.00390625,0.001953125,9.76625E-4,0.0",uM,uM
1764,103,10,NCGC00241102-02,"PKC 412","PKC/flt3 inhibitor",NCGC00348199-01,"Tafenoquine","antimalarial",0.357012,0.142161,"2.5,1.25,0.625,0.3125,0.15625,0.078125,0.0390625,0.01953125,0.009765625,0.0","0.75,0.375,0.1875,0.09375,0.046875,0.0234375,0.01171875,0.005859375,0.00292975,0.0",uM,uM
1764,104,10,NCGC00015819-11,"Propafenone hydrochloride","anti-arrythmia drug",NCGC00164591-02,"Artemether","antimalarial agents",2.491632,0.014542,"10.0,5.0,2.5,1.25,0.625,0.3125,0.15625,0.078125,0.0390625,0.0","0.05,0.025,0.0125,0.00625,0.003125,0.0015625,7.8125E-4,3.90625E-4,1.95375E-4,0.0",uM,uM
1764,105,10,NCGC00015819-11,"Propafenone hydrochloride","anti-arrythmia drug",NCGC00164600-03,"Artesunate","antimalarial agents",2.706721,0.015105,"10.0,5.0,2.5,1.25,0.625,0.3125,0.15625,0.078125,0.0390625,0.0","0.05,0.025,0.0125,0.00625,0.003125,0.0015625,7.8125E-4,3.90625E-4,1.95375E-4,0.0",uM,uM
1764,106,10,NCGC00015819-11,"Propafenone hydrochloride","anti-arrythmia drug",NCGC00095235-01,"Artenimol","Antimalarial agents; Inhibtion of heme crystallization, redox disruption, SERCA, etc",1.552062,0.001227,"10.0,5.0,2.5,1.25,0.625,0.3125,0.15625,0.078125,0.0390625,0.0","0.025,0.0125,0.00625,0.003125,0.0015625,7.8125E-4,3.90625E-4,1.95375E-4,9.7625E-5,0.0",uM,uM
1764,107,10,NCGC00015819-11,"Propafenone hydrochloride","anti-arrythmia drug",NCGC00167490-02,"Lumefantrine","antimalarial agents",2.723883,0.012754,"10.0,5.0,2.5,1.25,0.625,0.3125,0.15625,0.078125,0.0390625,0.0","0.05,0.025,0.0125,0.00625,0.003125,0.0015625,7.8125E-4,3.90625E-4,1.95375E-4,0.0",uM,uM
1764,108,10,NCGC00015819-11,"Propafenone hydrochloride","anti-arrythmia drug",NCGC00159445-02,"Methylene blue","antimalarial agents; possible altered redox environment, glutathione reductase inhibitor",1.936732,0.008935,"10.0,5.0,2.5,1.25,0.625,0.3125,0.15625,0.078125,0.0390625,0.0","0.075,0.0375,0.01875,0.009375,0.0046875,0.00234375,0.001171875,5.86E-4,2.93E-4,0.0",uM,uM
1764,109,10,NCGC00015819-11,"Propafenone hydrochloride","anti-arrythmia drug",NCGC00016864-01,"Mefloquine","antimalarial agents; Inhibtion of heme crystallization",2.190836,0.025866,"10.0,5.0,2.5,1.25,0.625,0.3125,0.15625,0.078125,0.0390625,0.0","0.25,0.125,0.0625,0.03125,0.015625,0.0078125,0.00390625,0.001953125,9.76625E-4,0.0",uM,uM
1764,110,10,NCGC00250408-01,"GSK-2126458","PI3Kalpha/beta/delta/gamma Inhibitor",NCGC00015819-11,"Propafenone hydrochloride","anti-arrythmia drug",0.028688,2.293313,"0.05,0.025,0.0125,0.00625,0.003125,0.0015625,7.8125E-4,3.90625E-4,1.95375E-4,0.0","10.0,5.0,2.5,1.25,0.625,0.3125,0.15625,0.078125,0.0390625,0.0",uM,uM
1764,111,10,NCGC00017063-03,"Amodiaquine","antimalarial; histamine N-methyl transferase inhibitor",NCGC00164591-02,"Artemether","antimalarial agents",0.017786,0.014073,"0.25,0.125,0.0625,0.03125,0.015625,0.0078125,0.00390625,0.001953125,9.76625E-4,0.0","0.05,0.025,0.0125,0.00625,0.003125,0.0015625,7.8125E-4,3.90625E-4,1.95375E-4,0.0",uM,uM
1764,112,10,NCGC00017063-03,"Amodiaquine","antimalarial; histamine N-methyl transferase inhibitor",NCGC00164600-03,"Artesunate","antimalarial agents",0.125039,0.006134,"0.25,0.125,0.0625,0.03125,0.015625,0.0078125,0.00390625,0.001953125,9.76625E-4,0.0","0.05,0.025,0.0125,0.00625,0.003125,0.0015625,7.8125E-4,3.90625E-4,1.95375E-4,0.0",uM,uM
1764,113,10,NCGC00017063-03,"Amodiaquine","antimalarial; histamine N-methyl transferase inhibitor",NCGC00095235-01,"Artenimol","Antimalarial agents; Inhibtion of heme crystallization, redox disruption, SERCA, etc",0.130164,0.002624,"0.25,0.125,0.0625,0.03125,0.015625,0.0078125,0.00390625,0.001953125,9.76625E-4,0.0","0.025,0.0125,0.00625,0.003125,0.0015625,7.8125E-4,3.90625E-4,1.95375E-4,9.7625E-5,0.0",uM,uM
1764,114,10,NCGC00017063-03,"Amodiaquine","antimalarial; histamine N-methyl transferase inhibitor",NCGC00159445-02,"Methylene blue","antimalarial agents; possible altered redox environment, glutathione reductase inhibitor",0.143722,0.010775,"0.25,0.125,0.0625,0.03125,0.015625,0.0078125,0.00390625,0.001953125,9.76625E-4,0.0","0.075,0.0375,0.01875,0.009375,0.0046875,0.00234375,0.001171875,5.86E-4,2.93E-4,0.0",uM,uM
1764,115,10,NCGC00263379-01,"Genz-669178","PfDHODH",NCGC00017063-03,"Amodiaquine","antimalarial; histamine N-methyl transferase inhibitor",0.022549,0.130954,"0.17500000000000002,0.08750000000000001,0.043750000000000004,0.021875000000000002,0.010937500000000001,0.0054687500000000005,0.0027343750000000003,0.0013672500000000002,6.836250000000001E-4,0.0","0.25,0.125,0.0625,0.03125,0.015625,0.0078125,0.00390625,0.001953125,9.76625E-4,0.0",uM,uM
1764,116,10,NCGC00263117-02,"Panobinostat (LBH589)","Histone Deacetylase (HDAC) Inhibitor",NCGC00017063-03,"Amodiaquine","antimalarial; histamine N-methyl transferase inhibitor",0.070118,0.139023,"0.5,0.25,0.125,0.0625,0.03125,0.015625,0.0078125,0.00390625,0.001953125,0.0","0.25,0.125,0.0625,0.03125,0.015625,0.0078125,0.00390625,0.001953125,9.76625E-4,0.0",uM,uM
1764,117,10,NCGC00185850-02,"BIX-01294","Histone-lysine N-methyltransferase EHMT2 Inhibitor",NCGC00017063-03,"Amodiaquine","antimalarial; histamine N-methyl transferase inhibitor",0.046082,0.133814,"0.5,0.25,0.125,0.0625,0.03125,0.015625,0.0078125,0.00390625,0.001953125,0.0","0.25,0.125,0.0625,0.03125,0.015625,0.0078125,0.00390625,0.001953125,9.76625E-4,0.0",uM,uM
1764,118,10,NCGC00263117-02,"Panobinostat (LBH589)","Histone Deacetylase (HDAC) Inhibitor",NCGC00164591-02,"Artemether","antimalarial agents",0.053137,0.009804,"0.5,0.25,0.125,0.0625,0.03125,0.015625,0.0078125,0.00390625,0.001953125,0.0","0.05,0.025,0.0125,0.00625,0.003125,0.0015625,7.8125E-4,3.90625E-4,1.95375E-4,0.0",uM,uM
1764,119,10,NCGC00263117-02,"Panobinostat (LBH589)","Histone Deacetylase (HDAC) Inhibitor",NCGC00164600-03,"Artesunate","antimalarial agents",0.067694,0.008282,"0.5,0.25,0.125,0.0625,0.03125,0.015625,0.0078125,0.00390625,0.001953125,0.0","0.05,0.025,0.0125,0.00625,0.003125,0.0015625,7.8125E-4,3.90625E-4,1.95375E-4,0.0",uM,uM
1764,120,10,NCGC00263117-02,"Panobinostat (LBH589)","Histone Deacetylase (HDAC) Inhibitor",NCGC00095235-01,"Artenimol","Antimalarial agents; Inhibtion of heme crystallization, redox disruption, SERCA, etc",0.06248,0.002891,"0.5,0.25,0.125,0.0625,0.03125,0.015625,0.0078125,0.00390625,0.001953125,0.0","0.025,0.0125,0.00625,0.003125,0.0015625,7.8125E-4,3.90625E-4,1.95375E-4,9.7625E-5,0.0",uM,uM
1764,121,10,NCGC00263117-02,"Panobinostat (LBH589)","Histone Deacetylase (HDAC) Inhibitor",NCGC00167490-02,"Lumefantrine","antimalarial agents",0.068734,0.011538,"0.5,0.25,0.125,0.0625,0.03125,0.015625,0.0078125,0.00390625,0.001953125,0.0","0.05,0.025,0.0125,0.00625,0.003125,0.0015625,7.8125E-4,3.90625E-4,1.95375E-4,0.0",uM,uM
1764,122,10,NCGC00263117-02,"Panobinostat (LBH589)","Histone Deacetylase (HDAC) Inhibitor",NCGC00016961-07,"Atovaquone","Synergistic with proguanil, mitochondrial sensitizer (cytochrome bc1 complex)",0.06417,0.001128,"0.5,0.25,0.125,0.0625,0.03125,0.015625,0.0078125,0.00390625,0.001953125,0.0","0.025,0.0125,0.00625,0.003125,0.0015625,7.8125E-4,3.90625E-4,1.95375E-4,9.7625E-5,0.0",uM,uM
1764,123,10,NCGC00263117-02,"Panobinostat (LBH589)","Histone Deacetylase (HDAC) Inhibitor",NCGC00263785-01,"NITD609","antimalarial",0.067851,0.001648,"0.5,0.25,0.125,0.0625,0.03125,0.015625,0.0078125,0.00390625,0.001953125,0.0","0.01,0.005,0.0025,0.00125,6.25E-4,3.125E-4,1.5625E-4,7.8125E-5,3.9125E-5,0.0",uM,uM
1764,124,10,NCGC00250408-01,"GSK-2126458","PI3Kalpha/beta/delta/gamma Inhibitor",NCGC00015256-13,"Chloroquine","antimalarial agents",0.056819,0.023291,"0.05,0.025,0.0125,0.00625,0.003125,0.0015625,7.8125E-4,3.90625E-4,1.95375E-4,0.0","0.5,0.25,0.125,0.0625,0.03125,0.015625,0.0078125,0.00390625,0.001953125,0.0",uM,uM
1764,125,10,NCGC00346681-01,"NVP-BGT226","PI3K Inhibitor",NCGC00015256-13,"Chloroquine","antimalarial agents",0.001036,0.024739,"0.01,0.005,0.0025,0.00125,6.25E-4,3.125E-4,1.5625E-4,7.8125E-5,3.9125E-5,0.0","0.5,0.25,0.125,0.0625,0.03125,0.015625,0.0078125,0.00390625,0.001953125,0.0",uM,uM
1764,126,10,NCGC00185850-02,"BIX-01294","Histone-lysine N-methyltransferase EHMT2 Inhibitor",NCGC00015256-13,"Chloroquine","antimalarial agents",0.046721,0.022917,"0.5,0.25,0.125,0.0625,0.03125,0.015625,0.0078125,0.00390625,0.001953125,0.0","0.5,0.25,0.125,0.0625,0.03125,0.015625,0.0078125,0.00390625,0.001953125,0.0",uM,uM
1764,127,10,NCGC00179454-04,"Monensin sodium salt","Polyether Antibiotic",NCGC00164591-02,"Artemether","antimalarial agents",0.001522,0.010064,"0.025,0.0125,0.00625,0.003125,0.0015625,7.8125E-4,3.90625E-4,1.95375E-4,9.7625E-5,0.0","0.05,0.025,0.0125,0.00625,0.003125,0.0015625,7.8125E-4,3.90625E-4,1.95375E-4,0.0",uM,uM
1764,128,10,NCGC00179454-04,"Monensin sodium salt","Polyether Antibiotic",NCGC00164600-03,"Artesunate","antimalarial agents",0.001667,0.005732,"0.025,0.0125,0.00625,0.003125,0.0015625,7.8125E-4,3.90625E-4,1.95375E-4,9.7625E-5,0.0","0.05,0.025,0.0125,0.00625,0.003125,0.0015625,7.8125E-4,3.90625E-4,1.95375E-4,0.0",uM,uM
1764,129,10,NCGC00179454-04,"Monensin sodium salt","Polyether Antibiotic",NCGC00095235-01,"Artenimol","Antimalarial agents; Inhibtion of heme crystallization, redox disruption, SERCA, etc",0.001604,0.004398,"0.025,0.0125,0.00625,0.003125,0.0015625,7.8125E-4,3.90625E-4,1.95375E-4,9.7625E-5,0.0","0.025,0.0125,0.00625,0.003125,0.0015625,7.8125E-4,3.90625E-4,1.95375E-4,9.7625E-5,0.0",uM,uM
1764,130,10,NCGC00179454-04,"Monensin sodium salt","Polyether Antibiotic",NCGC00167490-02,"Lumefantrine","antimalarial agents",0.001463,0.010058,"0.025,0.0125,0.00625,0.003125,0.0015625,7.8125E-4,3.90625E-4,1.95375E-4,9.7625E-5,0.0","0.05,0.025,0.0125,0.00625,0.003125,0.0015625,7.8125E-4,3.90625E-4,1.95375E-4,0.0",uM,uM
1764,131,10,NCGC00179454-04,"Monensin sodium salt","Polyether Antibiotic",NCGC00159445-02,"Methylene blue","antimalarial agents; possible altered redox environment, glutathione reductase inhibitor",0.001416,0.012988,"0.025,0.0125,0.00625,0.003125,0.0015625,7.8125E-4,3.90625E-4,1.95375E-4,9.7625E-5,0.0","0.075,0.0375,0.01875,0.009375,0.0046875,0.00234375,0.001171875,5.86E-4,2.93E-4,0.0",uM,uM
1764,132,10,NCGC00179454-04,"Monensin sodium salt","Polyether Antibiotic",NCGC00263785-01,"NITD609","antimalarial",0.001379,0.001588,"0.025,0.0125,0.00625,0.003125,0.0015625,7.8125E-4,3.90625E-4,1.95375E-4,9.7625E-5,0.0","0.01,0.005,0.0025,0.00125,6.25E-4,3.125E-4,1.5625E-4,7.8125E-5,3.9125E-5,0.0",uM,uM
1764,133,10,NCGC00179454-04,"Monensin sodium salt","Polyether Antibiotic",NCGC00346681-01,"NVP-BGT226","PI3K Inhibitor",0.001512,0.001064,"0.025,0.0125,0.00625,0.003125,0.0015625,7.8125E-4,3.90625E-4,1.95375E-4,9.7625E-5,0.0","0.01,0.005,0.0025,0.00125,6.25E-4,3.125E-4,1.5625E-4,7.8125E-5,3.9125E-5,0.0",uM,uM
1764,134,10,NCGC00179454-04,"Monensin sodium salt","Polyether Antibiotic",NCGC00016528-06,"Proguanil","DHFR inhibitor",0.001707,0.068969,"0.025,0.0125,0.00625,0.003125,0.0015625,7.8125E-4,3.90625E-4,1.95375E-4,9.7625E-5,0.0","0.17500000000000002,0.08750000000000001,0.043750000000000004,0.021875000000000002,0.010937500000000001,0.0054687500000000005,0.0027343750000000003,0.0013672500000000002,6.836250000000001E-4,0.0",uM,uM
1764,135,10,NCGC00015888-05,"Reserpine","Alkaloid anitpsychotic",NCGC00164591-02,"Artemether","antimalarial agents",0.852298,0.014184,"7.5,3.75,1.875,0.9375,0.46875,0.234375,0.1171875,0.05859375,0.029296875,0.0","0.05,0.025,0.0125,0.00625,0.003125,0.0015625,7.8125E-4,3.90625E-4,1.95375E-4,0.0",uM,uM
1764,136,10,NCGC00015888-05,"Reserpine","Alkaloid anitpsychotic",NCGC00164600-03,"Artesunate","antimalarial agents",0.638158,0.005562,"7.5,3.75,1.875,0.9375,0.46875,0.234375,0.1171875,0.05859375,0.029296875,0.0","0.05,0.025,0.0125,0.00625,0.003125,0.0015625,7.8125E-4,3.90625E-4,1.95375E-4,0.0",uM,uM
1764,137,10,NCGC00015888-05,"Reserpine","Alkaloid anitpsychotic",NCGC00095235-01,"Artenimol","Antimalarial agents; Inhibtion of heme crystallization, redox disruption, SERCA, etc",0.689606,0.002642,"7.5,3.75,1.875,0.9375,0.46875,0.234375,0.1171875,0.05859375,0.029296875,0.0","0.025,0.0125,0.00625,0.003125,0.0015625,7.8125E-4,3.90625E-4,1.95375E-4,9.7625E-5,0.0",uM,uM
1764,138,10,NCGC00015888-05,"Reserpine","Alkaloid anitpsychotic",NCGC00167490-02,"Lumefantrine","antimalarial agents",0.748839,0.009412,"7.5,3.75,1.875,0.9375,0.46875,0.234375,0.1171875,0.05859375,0.029296875,0.0","0.05,0.025,0.0125,0.00625,0.003125,0.0015625,7.8125E-4,3.90625E-4,1.95375E-4,0.0",uM,uM
1764,139,10,NCGC00015888-05,"Reserpine","Alkaloid anitpsychotic",NCGC00159445-02,"Methylene blue","antimalarial agents; possible altered redox environment, glutathione reductase inhibitor",0.714632,0.011396,"7.5,3.75,1.875,0.9375,0.46875,0.234375,0.1171875,0.05859375,0.029296875,0.0","0.075,0.0375,0.01875,0.009375,0.0046875,0.00234375,0.001171875,5.86E-4,2.93E-4,0.0",uM,uM
1764,140,10,NCGC00015888-05,"Reserpine","Alkaloid anitpsychotic",NCGC00016864-01,"Mefloquine","antimalarial agents; Inhibtion of heme crystallization",0.538075,0.020148,"7.5,3.75,1.875,0.9375,0.46875,0.234375,0.1171875,0.05859375,0.029296875,0.0","0.25,0.125,0.0625,0.03125,0.015625,0.0078125,0.00390625,0.001953125,9.76625E-4,0.0",uM,uM
1764,141,10,NCGC00015888-05,"Reserpine","Alkaloid anitpsychotic",NCGC00264109-01,"Decoquinate","Antiprotozoal agent",0.828663,0.005301,"7.5,3.75,1.875,0.9375,0.46875,0.234375,0.1171875,0.05859375,0.029296875,0.0","0.25,0.125,0.0625,0.03125,0.015625,0.0078125,0.00390625,0.001953125,9.76625E-4,0.0",uM,uM
1764,142,10,NCGC00242478-02,"Alvespimycin hydrochloride","Heat Shock Protein 90 (hsp90) Inhibitor",NCGC00015888-05,"Reserpine","Alkaloid anitpsychotic",0.217593,0.666077,"0.75,0.375,0.1875,0.09375,0.046875,0.0234375,0.01171875,0.005859375,0.00292975,0.0","7.5,3.75,1.875,0.9375,0.46875,0.234375,0.1171875,0.05859375,0.029296875,0.0",uM,uM
1764,143,10,NCGC00348199-01,"Tafenoquine","antimalarial",NCGC00164591-02,"Artemether","antimalarial agents",0.232465,0.012648,"0.75,0.375,0.1875,0.09375,0.046875,0.0234375,0.01171875,0.005859375,0.00292975,0.0","0.05,0.025,0.0125,0.00625,0.003125,0.0015625,7.8125E-4,3.90625E-4,1.95375E-4,0.0",uM,uM
1764,144,10,NCGC00348199-01,"Tafenoquine","antimalarial",NCGC00164600-03,"Artesunate","antimalarial agents",0.217029,0.009221,"0.75,0.375,0.1875,0.09375,0.046875,0.0234375,0.01171875,0.005859375,0.00292975,0.0","0.05,0.025,0.0125,0.00625,0.003125,0.0015625,7.8125E-4,3.90625E-4,1.95375E-4,0.0",uM,uM
1764,145,10,NCGC00348199-01,"Tafenoquine","antimalarial",NCGC00095235-01,"Artenimol","Antimalarial agents; Inhibtion of heme crystallization, redox disruption, SERCA, etc",0.200201,0.00312,"0.75,0.375,0.1875,0.09375,0.046875,0.0234375,0.01171875,0.005859375,0.00292975,0.0","0.025,0.0125,0.00625,0.003125,0.0015625,7.8125E-4,3.90625E-4,1.95375E-4,9.7625E-5,0.0",uM,uM
1764,146,10,NCGC00348199-01,"Tafenoquine","antimalarial",NCGC00167490-02,"Lumefantrine","antimalarial agents",0.262427,0.010296,"0.75,0.375,0.1875,0.09375,0.046875,0.0234375,0.01171875,0.005859375,0.00292975,0.0","0.05,0.025,0.0125,0.00625,0.003125,0.0015625,7.8125E-4,3.90625E-4,1.95375E-4,0.0",uM,uM
1764,147,10,NCGC00348199-01,"Tafenoquine","antimalarial",NCGC00159445-02,"Methylene blue","antimalarial agents; possible altered redox environment, glutathione reductase inhibitor",0.258701,0.010754,"0.75,0.375,0.1875,0.09375,0.046875,0.0234375,0.01171875,0.005859375,0.00292975,0.0","0.075,0.0375,0.01875,0.009375,0.0046875,0.00234375,0.001171875,5.86E-4,2.93E-4,0.0",uM,uM
1764,148,10,NCGC00242478-02,"Alvespimycin hydrochloride","Heat Shock Protein 90 (hsp90) Inhibitor",NCGC00348199-01,"Tafenoquine","antimalarial",0.249002,0.20479,"0.75,0.375,0.1875,0.09375,0.046875,0.0234375,0.01171875,0.005859375,0.00292975,0.0","0.75,0.375,0.1875,0.09375,0.046875,0.0234375,0.01171875,0.005859375,0.00292975,0.0",uM,uM
1764,149,10,NCGC00346487-01,"Quisinostat hydrochloride","HDAC1 Inhibitor",NCGC00348199-01,"Tafenoquine","antimalarial",0.004177,0.188218,"0.05,0.025,0.0125,0.00625,0.003125,0.0015625,7.8125E-4,3.90625E-4,1.95375E-4,0.0","0.75,0.375,0.1875,0.09375,0.046875,0.0234375,0.01171875,0.005859375,0.00292975,0.0",uM,uM
1764,150,10,NCGC00242478-02,"Alvespimycin hydrochloride","Heat Shock Protein 90 (hsp90) Inhibitor",NCGC00164591-02,"Artemether","antimalarial agents",0.315606,0.015291,"0.75,0.375,0.1875,0.09375,0.046875,0.0234375,0.01171875,0.005859375,0.00292975,0.0","0.05,0.025,0.0125,0.00625,0.003125,0.0015625,7.8125E-4,3.90625E-4,1.95375E-4,0.0",uM,uM
1764,151,10,NCGC00242478-02,"Alvespimycin hydrochloride","Heat Shock Protein 90 (hsp90) Inhibitor",NCGC00164600-03,"Artesunate","antimalarial agents",0.180759,0.006268,"0.75,0.375,0.1875,0.09375,0.046875,0.0234375,0.01171875,0.005859375,0.00292975,0.0","0.05,0.025,0.0125,0.00625,0.003125,0.0015625,7.8125E-4,3.90625E-4,1.95375E-4,0.0",uM,uM
1764,152,10,NCGC00242478-02,"Alvespimycin hydrochloride","Heat Shock Protein 90 (hsp90) Inhibitor",NCGC00095235-01,"Artenimol","Antimalarial agents; Inhibtion of heme crystallization, redox disruption, SERCA, etc",0.275424,0.002747,"0.75,0.375,0.1875,0.09375,0.046875,0.0234375,0.01171875,0.005859375,0.00292975,0.0","0.025,0.0125,0.00625,0.003125,0.0015625,7.8125E-4,3.90625E-4,1.95375E-4,9.7625E-5,0.0",uM,uM
1764,153,10,NCGC00242478-02,"Alvespimycin hydrochloride","Heat Shock Protein 90 (hsp90) Inhibitor",NCGC00167490-02,"Lumefantrine","antimalarial agents",0.266512,0.01322,"0.75,0.375,0.1875,0.09375,0.046875,0.0234375,0.01171875,0.005859375,0.00292975,0.0","0.05,0.025,0.0125,0.00625,0.003125,0.0015625,7.8125E-4,3.90625E-4,1.95375E-4,0.0",uM,uM
1764,154,10,NCGC00242478-02,"Alvespimycin hydrochloride","Heat Shock Protein 90 (hsp90) Inhibitor",NCGC00016864-01,"Mefloquine","antimalarial agents; Inhibtion of heme crystallization",0.180098,0.016913,"0.75,0.375,0.1875,0.09375,0.046875,0.0234375,0.01171875,0.005859375,0.00292975,0.0","0.25,0.125,0.0625,0.03125,0.015625,0.0078125,0.00390625,0.001953125,9.76625E-4,0.0",uM,uM
1764,155,10,NCGC00242478-02,"Alvespimycin hydrochloride","Heat Shock Protein 90 (hsp90) Inhibitor",NCGC00346681-01,"NVP-BGT226","PI3K Inhibitor",0.25447,0.001248,"0.75,0.375,0.1875,0.09375,0.046875,0.0234375,0.01171875,0.005859375,0.00292975,0.0","0.01,0.005,0.0025,0.00125,6.25E-4,3.125E-4,1.5625E-4,7.8125E-5,3.9125E-5,0.0",uM,uM
1764,156,10,NCGC00250408-01,"GSK-2126458","PI3Kalpha/beta/delta/gamma Inhibitor",NCGC00164591-02,"Artemether","antimalarial agents",0.029557,0.064471,"0.05,0.025,0.0125,0.00625,0.003125,0.0015625,7.8125E-4,3.90625E-4,1.95375E-4,0.0","0.05,0.025,0.0125,0.00625,0.003125,0.0015625,7.8125E-4,3.90625E-4,1.95375E-4,0.0",uM,uM
1764,157,10,NCGC00250408-01,"GSK-2126458","PI3Kalpha/beta/delta/gamma Inhibitor",NCGC00164600-03,"Artesunate","antimalarial agents",0.046122,0.005809,"0.05,0.025,0.0125,0.00625,0.003125,0.0015625,7.8125E-4,3.90625E-4,1.95375E-4,0.0","0.05,0.025,0.0125,0.00625,0.003125,0.0015625,7.8125E-4,3.90625E-4,1.95375E-4,0.0",uM,uM
1764,158,10,NCGC00250408-01,"GSK-2126458","PI3Kalpha/beta/delta/gamma Inhibitor",NCGC00095235-01,"Artenimol","Antimalarial agents; Inhibtion of heme crystallization, redox disruption, SERCA, etc",0.029929,0.00319,"0.05,0.025,0.0125,0.00625,0.003125,0.0015625,7.8125E-4,3.90625E-4,1.95375E-4,0.0","0.025,0.0125,0.00625,0.003125,0.0015625,7.8125E-4,3.90625E-4,1.95375E-4,9.7625E-5,0.0",uM,uM
1764,159,10,NCGC00250408-01,"GSK-2126458","PI3Kalpha/beta/delta/gamma Inhibitor",NCGC00167490-02,"Lumefantrine","antimalarial agents",0.054125,0.011203,"0.05,0.025,0.0125,0.00625,0.003125,0.0015625,7.8125E-4,3.90625E-4,1.95375E-4,0.0","0.05,0.025,0.0125,0.00625,0.003125,0.0015625,7.8125E-4,3.90625E-4,1.95375E-4,0.0",uM,uM
1764,160,10,NCGC00250408-01,"GSK-2126458","PI3Kalpha/beta/delta/gamma Inhibitor",NCGC00016864-01,"Mefloquine","antimalarial agents; Inhibtion of heme crystallization",0.041561,0.016418,"0.05,0.025,0.0125,0.00625,0.003125,0.0015625,7.8125E-4,3.90625E-4,1.95375E-4,0.0","0.25,0.125,0.0625,0.03125,0.015625,0.0078125,0.00390625,0.001953125,9.76625E-4,0.0",uM,uM
1764,161,10,NCGC00250408-01,"GSK-2126458","PI3Kalpha/beta/delta/gamma Inhibitor",NCGC00016528-06,"Proguanil","DHFR inhibitor",0.052486,0.100979,"0.05,0.025,0.0125,0.00625,0.003125,0.0015625,7.8125E-4,3.90625E-4,1.95375E-4,0.0","0.17500000000000002,0.08750000000000001,0.043750000000000004,0.021875000000000002,0.010937500000000001,0.0054687500000000005,0.0027343750000000003,0.0013672500000000002,6.836250000000001E-4,0.0",uM,uM
1764,162,10,NCGC00346487-01,"Quisinostat hydrochloride","HDAC1 Inhibitor",NCGC00164591-02,"Artemether","antimalarial agents",0.004694,0.015707,"0.05,0.025,0.0125,0.00625,0.003125,0.0015625,7.8125E-4,3.90625E-4,1.95375E-4,0.0","0.05,0.025,0.0125,0.00625,0.003125,0.0015625,7.8125E-4,3.90625E-4,1.95375E-4,0.0",uM,uM
1764,163,10,NCGC00346487-01,"Quisinostat hydrochloride","HDAC1 Inhibitor",NCGC00164600-03,"Artesunate","antimalarial agents",0.003922,0.005582,"0.05,0.025,0.0125,0.00625,0.003125,0.0015625,7.8125E-4,3.90625E-4,1.95375E-4,0.0","0.05,0.025,0.0125,0.00625,0.003125,0.0015625,7.8125E-4,3.90625E-4,1.95375E-4,0.0",uM,uM
1764,164,10,NCGC00346487-01,"Quisinostat hydrochloride","HDAC1 Inhibitor",NCGC00095235-01,"Artenimol","Antimalarial agents; Inhibtion of heme crystallization, redox disruption, SERCA, etc",0.004214,0.002349,"0.05,0.025,0.0125,0.00625,0.003125,0.0015625,7.8125E-4,3.90625E-4,1.95375E-4,0.0","0.025,0.0125,0.00625,0.003125,0.0015625,7.8125E-4,3.90625E-4,1.95375E-4,9.7625E-5,0.0",uM,uM
1764,165,10,NCGC00346487-01,"Quisinostat hydrochloride","HDAC1 Inhibitor",NCGC00167490-02,"Lumefantrine","antimalarial agents",0.004179,0.01193,"0.05,0.025,0.0125,0.00625,0.003125,0.0015625,7.8125E-4,3.90625E-4,1.95375E-4,0.0","0.05,0.025,0.0125,0.00625,0.003125,0.0015625,7.8125E-4,3.90625E-4,1.95375E-4,0.0",uM,uM
1764,166,10,NCGC00346487-01,"Quisinostat hydrochloride","HDAC1 Inhibitor",NCGC00159445-02,"Methylene blue","antimalarial agents; possible altered redox environment, glutathione reductase inhibitor",0.00322,0.01167,"0.05,0.025,0.0125,0.00625,0.003125,0.0015625,7.8125E-4,3.90625E-4,1.95375E-4,0.0","0.075,0.0375,0.01875,0.009375,0.0046875,0.00234375,0.001171875,5.86E-4,2.93E-4,0.0",uM,uM
1764,167,10,NCGC00346487-01,"Quisinostat hydrochloride","HDAC1 Inhibitor",NCGC00016864-01,"Mefloquine","antimalarial agents; Inhibtion of heme crystallization",0.004643,0.017338,"0.05,0.025,0.0125,0.00625,0.003125,0.0015625,7.8125E-4,3.90625E-4,1.95375E-4,0.0","0.25,0.125,0.0625,0.03125,0.015625,0.0078125,0.00390625,0.001953125,9.76625E-4,0.0",uM,uM
1764,168,10,NCGC00346487-01,"Quisinostat hydrochloride","HDAC1 Inhibitor",NCGC00016528-06,"Proguanil","DHFR inhibitor",0.004179,0.190422,"0.05,0.025,0.0125,0.00625,0.003125,0.0015625,7.8125E-4,3.90625E-4,1.95375E-4,0.0","0.17500000000000002,0.08750000000000001,0.043750000000000004,0.021875000000000002,0.010937500000000001,0.0054687500000000005,0.0027343750000000003,0.0013672500000000002,6.836250000000001E-4,0.0",uM,uM
1764,169,10,NCGC00263379-01,"Genz-669178","PfDHODH",NCGC00016961-07,"Atovaquone","Synergistic with proguanil, mitochondrial sensitizer (cytochrome bc1 complex)",0.028345,4.43E-4,"0.17500000000000002,0.08750000000000001,0.043750000000000004,0.021875000000000002,0.010937500000000001,0.0054687500000000005,0.0027343750000000003,0.0013672500000000002,6.836250000000001E-4,0.0","0.025,0.0125,0.00625,0.003125,0.0015625,7.8125E-4,3.90625E-4,1.95375E-4,9.7625E-5,0.0",uM,uM
1764,170,10,NCGC00263379-01,"Genz-669178","PfDHODH",NCGC00159445-02,"Methylene blue","antimalarial agents; possible altered redox environment, glutathione reductase inhibitor",0.030108,0.012477,"0.17500000000000002,0.08750000000000001,0.043750000000000004,0.021875000000000002,0.010937500000000001,0.0054687500000000005,0.0027343750000000003,0.0013672500000000002,6.836250000000001E-4,0.0","0.075,0.0375,0.01875,0.009375,0.0046875,0.00234375,0.001171875,5.86E-4,2.93E-4,0.0",uM,uM
1764,171,10,NCGC00263379-01,"Genz-669178","PfDHODH",NCGC00263785-01,"NITD609","antimalarial",0.028607,0.001621,"0.17500000000000002,0.08750000000000001,0.043750000000000004,0.021875000000000002,0.010937500000000001,0.0054687500000000005,0.0027343750000000003,0.0013672500000000002,6.836250000000001E-4,0.0","0.01,0.005,0.0025,0.00125,6.25E-4,3.125E-4,1.5625E-4,7.8125E-5,3.9125E-5,0.0",uM,uM
1764,172,10,NCGC00263379-01,"Genz-669178","PfDHODH",NCGC00016528-06,"Proguanil","DHFR inhibitor",0.030092,0.104495,"0.17500000000000002,0.08750000000000001,0.043750000000000004,0.021875000000000002,0.010937500000000001,0.0054687500000000005,0.0027343750000000003,0.0013672500000000002,6.836250000000001E-4,0.0","0.17500000000000002,0.08750000000000001,0.043750000000000004,0.021875000000000002,0.010937500000000001,0.0054687500000000005,0.0027343750000000003,0.0013672500000000002,6.836250000000001E-4,0.0",uM,uM
1764,173,10,NCGC00263379-01,"Genz-669178","PfDHODH",NCGC00264109-01,"Decoquinate","Antiprotozoal agent",0.0246,0.004424,"0.17500000000000002,0.08750000000000001,0.043750000000000004,0.021875000000000002,0.010937500000000001,0.0054687500000000005,0.0027343750000000003,0.0013672500000000002,6.836250000000001E-4,0.0","0.25,0.125,0.0625,0.03125,0.015625,0.0078125,0.00390625,0.001953125,9.76625E-4,0.0",uM,uM
1764,174,10,NCGC00263379-01,"Genz-669178","PfDHODH",NCGC00242441-02,"ML238","unknown",0.031518,0.009787,"0.17500000000000002,0.08750000000000001,0.043750000000000004,0.021875000000000002,0.010937500000000001,0.0054687500000000005,0.0027343750000000003,0.0013672500000000002,6.836250000000001E-4,0.0","0.05,0.025,0.0125,0.00625,0.003125,0.0015625,7.8125E-4,3.90625E-4,1.95375E-4,0.0",uM,uM
1764,175,10,NCGC00346524-01,"Nanchangmycin","Polyether Antibiotic",NCGC00164591-02,"Artemether","antimalarial agents",5.46E-4,0.011109,"0.01,0.005,0.0025,0.00125,6.25E-4,3.125E-4,1.5625E-4,7.8125E-5,3.9125E-5,0.0","0.05,0.025,0.0125,0.00625,0.003125,0.0015625,7.8125E-4,3.90625E-4,1.95375E-4,0.0",uM,uM
1764,176,10,NCGC00346524-01,"Nanchangmycin","Polyether Antibiotic",NCGC00164600-03,"Artesunate","antimalarial agents",8.03E-4,0.005792,"0.01,0.005,0.0025,0.00125,6.25E-4,3.125E-4,1.5625E-4,7.8125E-5,3.9125E-5,0.0","0.05,0.025,0.0125,0.00625,0.003125,0.0015625,7.8125E-4,3.90625E-4,1.95375E-4,0.0",uM,uM
1764,177,10,NCGC00346524-01,"Nanchangmycin","Polyether Antibiotic",NCGC00095235-01,"Artenimol","Antimalarial agents; Inhibtion of heme crystallization, redox disruption, SERCA, etc",6.86E-4,0.003632,"0.01,0.005,0.0025,0.00125,6.25E-4,3.125E-4,1.5625E-4,7.8125E-5,3.9125E-5,0.0","0.025,0.0125,0.00625,0.003125,0.0015625,7.8125E-4,3.90625E-4,1.95375E-4,9.7625E-5,0.0",uM,uM
1764,178,10,NCGC00346524-01,"Nanchangmycin","Polyether Antibiotic",NCGC00167490-02,"Lumefantrine","antimalarial agents",3.39E-4,0.009773,"0.01,0.005,0.0025,0.00125,6.25E-4,3.125E-4,1.5625E-4,7.8125E-5,3.9125E-5,0.0","0.05,0.025,0.0125,0.00625,0.003125,0.0015625,7.8125E-4,3.90625E-4,1.95375E-4,0.0",uM,uM
1764,179,10,NCGC00185850-02,"BIX-01294","Histone-lysine N-methyltransferase EHMT2 Inhibitor",NCGC00346524-01,"Nanchangmycin","Polyether Antibiotic",0.044046,8.14E-4,"0.5,0.25,0.125,0.0625,0.03125,0.015625,0.0078125,0.00390625,0.001953125,0.0","0.01,0.005,0.0025,0.00125,6.25E-4,3.125E-4,1.5625E-4,7.8125E-5,3.9125E-5,0.0",uM,uM
1764,180,10,NCGC00162398-03,"KN-62","Ca2+/calmodulin dependent protein kinase inhibitor",NCGC00164591-02,"Artemether","antimalarial agents",0.704317,0.016869,"5.0,2.5,1.25,0.625,0.3125,0.15625,0.078125,0.0390625,0.01953125,0.0","0.05,0.025,0.0125,0.00625,0.003125,0.0015625,7.8125E-4,3.90625E-4,1.95375E-4,0.0",uM,uM
1764,181,10,NCGC00162398-03,"KN-62","Ca2+/calmodulin dependent protein kinase inhibitor",NCGC00164600-03,"Artesunate","antimalarial agents",0.740481,0.006286,"5.0,2.5,1.25,0.625,0.3125,0.15625,0.078125,0.0390625,0.01953125,0.0","0.05,0.025,0.0125,0.00625,0.003125,0.0015625,7.8125E-4,3.90625E-4,1.95375E-4,0.0",uM,uM
1764,182,10,NCGC00162398-03,"KN-62","Ca2+/calmodulin dependent protein kinase inhibitor",NCGC00095235-01,"Artenimol","Antimalarial agents; Inhibtion of heme crystallization, redox disruption, SERCA, etc",1.186404,0.002736,"5.0,2.5,1.25,0.625,0.3125,0.15625,0.078125,0.0390625,0.01953125,0.0","0.025,0.0125,0.00625,0.003125,0.0015625,7.8125E-4,3.90625E-4,1.95375E-4,9.7625E-5,0.0",uM,uM
1764,183,10,NCGC00162398-03,"KN-62","Ca2+/calmodulin dependent protein kinase inhibitor",NCGC00167490-02,"Lumefantrine","antimalarial agents",0.781485,0.009553,"5.0,2.5,1.25,0.625,0.3125,0.15625,0.078125,0.0390625,0.01953125,0.0","0.05,0.025,0.0125,0.00625,0.003125,0.0015625,7.8125E-4,3.90625E-4,1.95375E-4,0.0",uM,uM
1764,184,10,NCGC00162398-03,"KN-62","Ca2+/calmodulin dependent protein kinase inhibitor",NCGC00159445-02,"Methylene blue","antimalarial agents; possible altered redox environment, glutathione reductase inhibitor",0.735093,0.0115,"5.0,2.5,1.25,0.625,0.3125,0.15625,0.078125,0.0390625,0.01953125,0.0","0.075,0.0375,0.01875,0.009375,0.0046875,0.00234375,0.001171875,5.86E-4,2.93E-4,0.0",uM,uM
1764,185,10,NCGC00162398-03,"KN-62","Ca2+/calmodulin dependent protein kinase inhibitor",NCGC00016864-01,"Mefloquine","antimalarial agents; Inhibtion of heme crystallization",0.796571,0.015554,"5.0,2.5,1.25,0.625,0.3125,0.15625,0.078125,0.0390625,0.01953125,0.0","0.25,0.125,0.0625,0.03125,0.015625,0.0078125,0.00390625,0.001953125,9.76625E-4,0.0",uM,uM
1764,186,10,NCGC00162398-03,"KN-62","Ca2+/calmodulin dependent protein kinase inhibitor",NCGC00346681-01,"NVP-BGT226","PI3K Inhibitor",0.819229,0.001107,"5.0,2.5,1.25,0.625,0.3125,0.15625,0.078125,0.0390625,0.01953125,0.0","0.01,0.005,0.0025,0.00125,6.25E-4,3.125E-4,1.5625E-4,7.8125E-5,3.9125E-5,0.0",uM,uM
1764,187,10,NCGC00162398-03,"KN-62","Ca2+/calmodulin dependent protein kinase inhibitor",NCGC00095992-05,"Gramicidin","Antibacterial",0.555196,2.66E-4,"5.0,2.5,1.25,0.625,0.3125,0.15625,0.078125,0.0390625,0.01953125,0.0","0.01,0.005,0.0025,0.00125,6.25E-4,3.125E-4,1.5625E-4,7.8125E-5,3.9125E-5,0.0",uM,uM
1764,188,10,NCGC00185850-02,"BIX-01294","Histone-lysine N-methyltransferase EHMT2 Inhibitor",NCGC00162398-03,"KN-62","Ca2+/calmodulin dependent protein kinase inhibitor",0.04741,0.603687,"0.5,0.25,0.125,0.0625,0.03125,0.015625,0.0078125,0.00390625,0.001953125,0.0","5.0,2.5,1.25,0.625,0.3125,0.15625,0.078125,0.0390625,0.01953125,0.0",uM,uM
1764,189,10,NCGC00264109-01,"Decoquinate","Antiprotozoal agent",NCGC00167490-02,"Lumefantrine","antimalarial agents",0.004458,0.009495,"0.25,0.125,0.0625,0.03125,0.015625,0.0078125,0.00390625,0.001953125,9.76625E-4,0.0","0.05,0.025,0.0125,0.00625,0.003125,0.0015625,7.8125E-4,3.90625E-4,1.95375E-4,0.0",uM,uM
1764,190,10,NCGC00264109-01,"Decoquinate","Antiprotozoal agent",NCGC00016961-07,"Atovaquone","Synergistic with proguanil, mitochondrial sensitizer (cytochrome bc1 complex)",0.009639,0.001028,"0.25,0.125,0.0625,0.03125,0.015625,0.0078125,0.00390625,0.001953125,9.76625E-4,0.0","0.025,0.0125,0.00625,0.003125,0.0015625,7.8125E-4,3.90625E-4,1.95375E-4,9.7625E-5,0.0",uM,uM
1764,191,10,NCGC00264109-01,"Decoquinate","Antiprotozoal agent",NCGC00263785-01,"NITD609","antimalarial",0.005188,0.00252,"0.25,0.125,0.0625,0.03125,0.015625,0.0078125,0.00390625,0.001953125,9.76625E-4,0.0","0.01,0.005,0.0025,0.00125,6.25E-4,3.125E-4,1.5625E-4,7.8125E-5,3.9125E-5,0.0",uM,uM
1764,192,10,NCGC00242441-02,"ML238","unknown",NCGC00264109-01,"Decoquinate","Antiprotozoal agent",0.011206,0.005616,"0.05,0.025,0.0125,0.00625,0.003125,0.0015625,7.8125E-4,3.90625E-4,1.95375E-4,0.0","0.25,0.125,0.0625,0.03125,0.015625,0.0078125,0.00390625,0.001953125,9.76625E-4,0.0",uM,uM
1764,193,10,NCGC00264109-01,"Decoquinate","Antiprotozoal agent",NCGC00095992-05,"Gramicidin","Antibacterial",0.004599,2.68E-4,"0.25,0.125,0.0625,0.03125,0.015625,0.0078125,0.00390625,0.001953125,9.76625E-4,0.0","0.01,0.005,0.0025,0.00125,6.25E-4,3.125E-4,1.5625E-4,7.8125E-5,3.9125E-5,0.0",uM,uM
1764,194,10,NCGC00185850-02,"BIX-01294","Histone-lysine N-methyltransferase EHMT2 Inhibitor",NCGC00164591-02,"Artemether","antimalarial agents",0.042971,0.010777,"0.5,0.25,0.125,0.0625,0.03125,0.015625,0.0078125,0.00390625,0.001953125,0.0","0.05,0.025,0.0125,0.00625,0.003125,0.0015625,7.8125E-4,3.90625E-4,1.95375E-4,0.0",uM,uM
1764,195,10,NCGC00185850-02,"BIX-01294","Histone-lysine N-methyltransferase EHMT2 Inhibitor",NCGC00164600-03,"Artesunate","antimalarial agents",0.045458,0.005822,"0.5,0.25,0.125,0.0625,0.03125,0.015625,0.0078125,0.00390625,0.001953125,0.0","0.05,0.025,0.0125,0.00625,0.003125,0.0015625,7.8125E-4,3.90625E-4,1.95375E-4,0.0",uM,uM
1764,196,10,NCGC00185850-02,"BIX-01294","Histone-lysine N-methyltransferase EHMT2 Inhibitor",NCGC00095235-01,"Artenimol","Antimalarial agents; Inhibtion of heme crystallization, redox disruption, SERCA, etc",0.043095,0.002287,"0.5,0.25,0.125,0.0625,0.03125,0.015625,0.0078125,0.00390625,0.001953125,0.0","0.025,0.0125,0.00625,0.003125,0.0015625,7.8125E-4,3.90625E-4,1.95375E-4,9.7625E-5,0.0",uM,uM
1764,197,10,NCGC00185850-02,"BIX-01294","Histone-lysine N-methyltransferase EHMT2 Inhibitor",NCGC00167490-02,"Lumefantrine","antimalarial agents",0.041815,0.00911,"0.5,0.25,0.125,0.0625,0.03125,0.015625,0.0078125,0.00390625,0.001953125,0.0","0.05,0.025,0.0125,0.00625,0.003125,0.0015625,7.8125E-4,3.90625E-4,1.95375E-4,0.0",uM,uM
1764,198,10,NCGC00185850-02,"BIX-01294","Histone-lysine N-methyltransferase EHMT2 Inhibitor",NCGC00159445-02,"Methylene blue","antimalarial agents; possible altered redox environment, glutathione reductase inhibitor",0.043311,0.011478,"0.5,0.25,0.125,0.0625,0.03125,0.015625,0.0078125,0.00390625,0.001953125,0.0","0.075,0.0375,0.01875,0.009375,0.0046875,0.00234375,0.001171875,5.86E-4,2.93E-4,0.0",uM,uM
1764,199,10,NCGC00185850-02,"BIX-01294","Histone-lysine N-methyltransferase EHMT2 Inhibitor",NCGC00016864-01,"Mefloquine","antimalarial agents; Inhibtion of heme crystallization",0.042178,0.016931,"0.5,0.25,0.125,0.0625,0.03125,0.015625,0.0078125,0.00390625,0.001953125,0.0","0.25,0.125,0.0625,0.03125,0.015625,0.0078125,0.00390625,0.001953125,9.76625E-4,0.0",uM,uM
1764,200,10,NCGC00095992-05,"Gramicidin","Antibacterial",NCGC00164591-02,"Artemether","antimalarial agents",2.84E-4,0.008452,"0.01,0.005,0.0025,0.00125,6.25E-4,3.125E-4,1.5625E-4,7.8125E-5,3.9125E-5,0.0","0.05,0.025,0.0125,0.00625,0.003125,0.0015625,7.8125E-4,3.90625E-4,1.95375E-4,0.0",uM,uM
1764,201,10,NCGC00095992-05,"Gramicidin","Antibacterial",NCGC00164600-03,"Artesunate","antimalarial agents",2.63E-4,0.006209,"0.01,0.005,0.0025,0.00125,6.25E-4,3.125E-4,1.5625E-4,7.8125E-5,3.9125E-5,0.0","0.05,0.025,0.0125,0.00625,0.003125,0.0015625,7.8125E-4,3.90625E-4,1.95375E-4,0.0",uM,uM
1764,202,10,NCGC00095992-05,"Gramicidin","Antibacterial",NCGC00095235-01,"Artenimol","Antimalarial agents; Inhibtion of heme crystallization, redox disruption, SERCA, etc",3.02E-4,0.002459,"0.01,0.005,0.0025,0.00125,6.25E-4,3.125E-4,1.5625E-4,7.8125E-5,3.9125E-5,0.0","0.025,0.0125,0.00625,0.003125,0.0015625,7.8125E-4,3.90625E-4,1.95375E-4,9.7625E-5,0.0",uM,uM
1764,203,10,NCGC00095992-05,"Gramicidin","Antibacterial",NCGC00016961-07,"Atovaquone","Synergistic with proguanil, mitochondrial sensitizer (cytochrome bc1 complex)",2.63E-4,8.64E-4,"0.01,0.005,0.0025,0.00125,6.25E-4,3.125E-4,1.5625E-4,7.8125E-5,3.9125E-5,0.0","0.025,0.0125,0.00625,0.003125,0.0015625,7.8125E-4,3.90625E-4,1.95375E-4,9.7625E-5,0.0",uM,uM
1764,204,10,NCGC00095992-05,"Gramicidin","Antibacterial",NCGC00263785-01,"NITD609","antimalarial",2.61E-4,0.001715,"0.01,0.005,0.0025,0.00125,6.25E-4,3.125E-4,1.5625E-4,7.8125E-5,3.9125E-5,0.0","0.01,0.005,0.0025,0.00125,6.25E-4,3.125E-4,1.5625E-4,7.8125E-5,3.9125E-5,0.0",uM,uM
1764,205,10,NCGC00016528-06,"Proguanil","DHFR inhibitor",NCGC00164591-02,"Artemether","antimalarial agents",0.246942,0.011593,"0.17500000000000002,0.08750000000000001,0.043750000000000004,0.021875000000000002,0.010937500000000001,0.0054687500000000005,0.0027343750000000003,0.0013672500000000002,6.836250000000001E-4,0.0","0.05,0.025,0.0125,0.00625,0.003125,0.0015625,7.8125E-4,3.90625E-4,1.95375E-4,0.0",uM,uM
1764,206,10,NCGC00016528-06,"Proguanil","DHFR inhibitor",NCGC00164600-03,"Artesunate","antimalarial agents",0.079841,0.006986,"0.17500000000000002,0.08750000000000001,0.043750000000000004,0.021875000000000002,0.010937500000000001,0.0054687500000000005,0.0027343750000000003,0.0013672500000000002,6.836250000000001E-4,0.0","0.05,0.025,0.0125,0.00625,0.003125,0.0015625,7.8125E-4,3.90625E-4,1.95375E-4,0.0",uM,uM
1764,207,10,NCGC00016528-06,"Proguanil","DHFR inhibitor",NCGC00095235-01,"Artenimol","Antimalarial agents; Inhibtion of heme crystallization, redox disruption, SERCA, etc",0.082761,0.002405,"0.17500000000000002,0.08750000000000001,0.043750000000000004,0.021875000000000002,0.010937500000000001,0.0054687500000000005,0.0027343750000000003,0.0013672500000000002,6.836250000000001E-4,0.0","0.025,0.0125,0.00625,0.003125,0.0015625,7.8125E-4,3.90625E-4,1.95375E-4,9.7625E-5,0.0",uM,uM
1764,208,10,NCGC00016528-06,"Proguanil","DHFR inhibitor",NCGC00016961-07,"Atovaquone","Synergistic with proguanil, mitochondrial sensitizer (cytochrome bc1 complex)",0.630572,0.00114,"0.17500000000000002,0.08750000000000001,0.043750000000000004,0.021875000000000002,0.010937500000000001,0.0054687500000000005,0.0027343750000000003,0.0013672500000000002,6.836250000000001E-4,0.0","0.025,0.0125,0.00625,0.003125,0.0015625,7.8125E-4,3.90625E-4,1.95375E-4,9.7625E-5,0.0",uM,uM
1764,209,10,NCGC00263785-01,"NITD609","antimalarial",NCGC00016528-06,"Proguanil","DHFR inhibitor",0.001579,0.090468,"0.01,0.005,0.0025,0.00125,6.25E-4,3.125E-4,1.5625E-4,7.8125E-5,3.9125E-5,0.0","0.17500000000000002,0.08750000000000001,0.043750000000000004,0.021875000000000002,0.010937500000000001,0.0054687500000000005,0.0027343750000000003,0.0013672500000000002,6.836250000000001E-4,0.0",uM,uM
1764,210,10,NCGC00242441-02,"ML238","unknown",NCGC00016528-06,"Proguanil","DHFR inhibitor",0.004684,0.370139,"0.05,0.025,0.0125,0.00625,0.003125,0.0015625,7.8125E-4,3.90625E-4,1.95375E-4,0.0","0.17500000000000002,0.08750000000000001,0.043750000000000004,0.021875000000000002,0.010937500000000001,0.0054687500000000005,0.0027343750000000003,0.0013672500000000002,6.836250000000001E-4,0.0",uM,uM
1764,211,10,NCGC00016961-07,"Atovaquone","Synergistic with proguanil, mitochondrial sensitizer (cytochrome bc1 complex)",NCGC00167490-02,"Lumefantrine","antimalarial agents",0.001032,0.009669,"0.025,0.0125,0.00625,0.003125,0.0015625,7.8125E-4,3.90625E-4,1.95375E-4,9.7625E-5,0.0","0.05,0.025,0.0125,0.00625,0.003125,0.0015625,7.8125E-4,3.90625E-4,1.95375E-4,0.0",uM,uM
1764,212,10,NCGC00263785-01,"NITD609","antimalarial",NCGC00016961-07,"Atovaquone","Synergistic with proguanil, mitochondrial sensitizer (cytochrome bc1 complex)",0.001685,0.001051,"0.01,0.005,0.0025,0.00125,6.25E-4,3.125E-4,1.5625E-4,7.8125E-5,3.9125E-5,0.0","0.025,0.0125,0.00625,0.003125,0.0015625,7.8125E-4,3.90625E-4,1.95375E-4,9.7625E-5,0.0",uM,uM
1764,213,10,NCGC00242441-02,"ML238","unknown",NCGC00016961-07,"Atovaquone","Synergistic with proguanil, mitochondrial sensitizer (cytochrome bc1 complex)",0.008428,0.001122,"0.05,0.025,0.0125,0.00625,0.003125,0.0015625,7.8125E-4,3.90625E-4,1.95375E-4,0.0","0.025,0.0125,0.00625,0.003125,0.0015625,7.8125E-4,3.90625E-4,1.95375E-4,9.7625E-5,0.0",uM,uM
1764,214,10,NCGC00016864-01,"Mefloquine","antimalarial agents; Inhibtion of heme crystallization",NCGC00016961-07,"Atovaquone","Synergistic with proguanil, mitochondrial sensitizer (cytochrome bc1 complex)",0.014304,0.001072,"0.25,0.125,0.0625,0.03125,0.015625,0.0078125,0.00390625,0.001953125,9.76625E-4,0.0","0.025,0.0125,0.00625,0.003125,0.0015625,7.8125E-4,3.90625E-4,1.95375E-4,9.7625E-5,0.0",uM,uM
1764,215,10,NCGC00346681-01,"NVP-BGT226","PI3K Inhibitor",NCGC00016961-07,"Atovaquone","Synergistic with proguanil, mitochondrial sensitizer (cytochrome bc1 complex)",0.001062,8.99E-4,"0.01,0.005,0.0025,0.00125,6.25E-4,3.125E-4,1.5625E-4,7.8125E-5,3.9125E-5,0.0","0.025,0.0125,0.00625,0.003125,0.0015625,7.8125E-4,3.90625E-4,1.95375E-4,9.7625E-5,0.0",uM,uM
1764,216,10,NCGC00242441-02,"ML238","unknown",NCGC00159445-02,"Methylene blue","antimalarial agents; possible altered redox environment, glutathione reductase inhibitor",0.007601,0.010711,"0.05,0.025,0.0125,0.00625,0.003125,0.0015625,7.8125E-4,3.90625E-4,1.95375E-4,0.0","0.075,0.0375,0.01875,0.009375,0.0046875,0.00234375,0.001171875,5.86E-4,2.93E-4,0.0",uM,uM
1764,217,10,NCGC00242441-02,"ML238","unknown",NCGC00263785-01,"NITD609","antimalarial",0.010012,0.00264,"0.05,0.025,0.0125,0.00625,0.003125,0.0015625,7.8125E-4,3.90625E-4,1.95375E-4,0.0","0.01,0.005,0.0025,0.00125,6.25E-4,3.125E-4,1.5625E-4,7.8125E-5,3.9125E-5,0.0",uM,uM
1764,218,10,NCGC00242441-02,"ML238","unknown",NCGC00346681-01,"NVP-BGT226","PI3K Inhibitor",0.008846,0.001026,"0.05,0.025,0.0125,0.00625,0.003125,0.0015625,7.8125E-4,3.90625E-4,1.95375E-4,0.0","0.01,0.005,0.0025,0.00125,6.25E-4,3.125E-4,1.5625E-4,7.8125E-5,3.9125E-5,0.0",uM,uM
1764,219,10,NCGC00263785-01,"NITD609","antimalarial",NCGC00164591-02,"Artemether","antimalarial agents",0.002194,0.011011,"0.01,0.005,0.0025,0.00125,6.25E-4,3.125E-4,1.5625E-4,7.8125E-5,3.9125E-5,0.0","0.05,0.025,0.0125,0.00625,0.003125,0.0015625,7.8125E-4,3.90625E-4,1.95375E-4,0.0",uM,uM
1764,220,10,NCGC00263785-01,"NITD609","antimalarial",NCGC00164600-03,"Artesunate","antimalarial agents",0.002106,0.005783,"0.01,0.005,0.0025,0.00125,6.25E-4,3.125E-4,1.5625E-4,7.8125E-5,3.9125E-5,0.0","0.05,0.025,0.0125,0.00625,0.003125,0.0015625,7.8125E-4,3.90625E-4,1.95375E-4,0.0",uM,uM
1764,221,10,NCGC00263785-01,"NITD609","antimalarial",NCGC00095235-01,"Artenimol","Antimalarial agents; Inhibtion of heme crystallization, redox disruption, SERCA, etc",0.001571,0.002341,"0.01,0.005,0.0025,0.00125,6.25E-4,3.125E-4,1.5625E-4,7.8125E-5,3.9125E-5,0.0","0.025,0.0125,0.00625,0.003125,0.0015625,7.8125E-4,3.90625E-4,1.95375E-4,9.7625E-5,0.0",uM,uM
1764,222,10,NCGC00263785-01,"NITD609","antimalarial",NCGC00167490-02,"Lumefantrine","antimalarial agents",0.00213,0.00993,"0.01,0.005,0.0025,0.00125,6.25E-4,3.125E-4,1.5625E-4,7.8125E-5,3.9125E-5,0.0","0.05,0.025,0.0125,0.00625,0.003125,0.0015625,7.8125E-4,3.90625E-4,1.95375E-4,0.0",uM,uM
1764,223,10,NCGC00016864-01,"Mefloquine","antimalarial agents; Inhibtion of heme crystallization",NCGC00263785-01,"NITD609","antimalarial",0.01629,0.001861,"0.25,0.125,0.0625,0.03125,0.015625,0.0078125,0.00390625,0.001953125,9.76625E-4,0.0","0.01,0.005,0.0025,0.00125,6.25E-4,3.125E-4,1.5625E-4,7.8125E-5,3.9125E-5,0.0",uM,uM
1764,224,10,NCGC00346681-01,"NVP-BGT226","PI3K Inhibitor",NCGC00263785-01,"NITD609","antimalarial",9.89E-4,0.001578,"0.01,0.005,0.0025,0.00125,6.25E-4,3.125E-4,1.5625E-4,7.8125E-5,3.9125E-5,0.0","0.01,0.005,0.0025,0.00125,6.25E-4,3.125E-4,1.5625E-4,7.8125E-5,3.9125E-5,0.0",uM,uM
1764,225,10,NCGC00346681-01,"NVP-BGT226","PI3K Inhibitor",NCGC00164591-02,"Artemether","antimalarial agents",8.97E-4,0.014586,"0.01,0.005,0.0025,0.00125,6.25E-4,3.125E-4,1.5625E-4,7.8125E-5,3.9125E-5,0.0","0.05,0.025,0.0125,0.00625,0.003125,0.0015625,7.8125E-4,3.90625E-4,1.95375E-4,0.0",uM,uM
1764,226,10,NCGC00346681-01,"NVP-BGT226","PI3K Inhibitor",NCGC00164600-03,"Artesunate","antimalarial agents",9.33E-4,0.005874,"0.01,0.005,0.0025,0.00125,6.25E-4,3.125E-4,1.5625E-4,7.8125E-5,3.9125E-5,0.0","0.05,0.025,0.0125,0.00625,0.003125,0.0015625,7.8125E-4,3.90625E-4,1.95375E-4,0.0",uM,uM
1764,227,10,NCGC00346681-01,"NVP-BGT226","PI3K Inhibitor",NCGC00095235-01,"Artenimol","Antimalarial agents; Inhibtion of heme crystallization, redox disruption, SERCA, etc",0.001025,0.002944,"0.01,0.005,0.0025,0.00125,6.25E-4,3.125E-4,1.5625E-4,7.8125E-5,3.9125E-5,0.0","0.025,0.0125,0.00625,0.003125,0.0015625,7.8125E-4,3.90625E-4,1.95375E-4,9.7625E-5,0.0",uM,uM
1764,228,10,NCGC00346681-01,"NVP-BGT226","PI3K Inhibitor",NCGC00167490-02,"Lumefantrine","antimalarial agents",0.001045,0.0095,"0.01,0.005,0.0025,0.00125,6.25E-4,3.125E-4,1.5625E-4,7.8125E-5,3.9125E-5,0.0","0.05,0.025,0.0125,0.00625,0.003125,0.0015625,7.8125E-4,3.90625E-4,1.95375E-4,0.0",uM,uM
1764,229,10,NCGC00346681-01,"NVP-BGT226","PI3K Inhibitor",NCGC00159445-02,"Methylene blue","antimalarial agents; possible altered redox environment, glutathione reductase inhibitor",8.97E-4,0.009197,"0.01,0.005,0.0025,0.00125,6.25E-4,3.125E-4,1.5625E-4,7.8125E-5,3.9125E-5,0.0","0.075,0.0375,0.01875,0.009375,0.0046875,0.00234375,0.001171875,5.86E-4,2.93E-4,0.0",uM,uM
1764,230,10,NCGC00346681-01,"NVP-BGT226","PI3K Inhibitor",NCGC00016864-01,"Mefloquine","antimalarial agents; Inhibtion of heme crystallization",9.86E-4,0.015967,"0.01,0.005,0.0025,0.00125,6.25E-4,3.125E-4,1.5625E-4,7.8125E-5,3.9125E-5,0.0","0.25,0.125,0.0625,0.03125,0.015625,0.0078125,0.00390625,0.001953125,9.76625E-4,0.0",uM,uM
1764,231,10,NCGC00159445-02,"Methylene blue","antimalarial agents; possible altered redox environment, glutathione reductase inhibitor",NCGC00164591-02,"Artemether","antimalarial agents",0.010921,0.01099,"0.075,0.0375,0.01875,0.009375,0.0046875,0.00234375,0.001171875,5.86E-4,2.93E-4,0.0","0.05,0.025,0.0125,0.00625,0.003125,0.0015625,7.8125E-4,3.90625E-4,1.95375E-4,0.0",uM,uM
1764,232,10,NCGC00159445-02,"Methylene blue","antimalarial agents; possible altered redox environment, glutathione reductase inhibitor",NCGC00164600-03,"Artesunate","antimalarial agents",0.009164,0.005681,"0.075,0.0375,0.01875,0.009375,0.0046875,0.00234375,0.001171875,5.86E-4,2.93E-4,0.0","0.05,0.025,0.0125,0.00625,0.003125,0.0015625,7.8125E-4,3.90625E-4,1.95375E-4,0.0",uM,uM
1764,233,10,NCGC00159445-02,"Methylene blue","antimalarial agents; possible altered redox environment, glutathione reductase inhibitor",NCGC00095235-01,"Artenimol","Antimalarial agents; Inhibtion of heme crystallization, redox disruption, SERCA, etc",0.008215,0.002144,"0.075,0.0375,0.01875,0.009375,0.0046875,0.00234375,0.001171875,5.86E-4,2.93E-4,0.0","0.025,0.0125,0.00625,0.003125,0.0015625,7.8125E-4,3.90625E-4,1.95375E-4,9.7625E-5,0.0",uM,uM
1764,234,10,NCGC00159445-02,"Methylene blue","antimalarial agents; possible altered redox environment, glutathione reductase inhibitor",NCGC00167490-02,"Lumefantrine","antimalarial agents",0.010986,0.008568,"0.075,0.0375,0.01875,0.009375,0.0046875,0.00234375,0.001171875,5.86E-4,2.93E-4,0.0","0.05,0.025,0.0125,0.00625,0.003125,0.0015625,7.8125E-4,3.90625E-4,1.95375E-4,0.0",uM,uM
1764,235,10,NCGC00016864-01,"Mefloquine","antimalarial agents; Inhibtion of heme crystallization",NCGC00159445-02,"Methylene blue","antimalarial agents; possible altered redox environment, glutathione reductase inhibitor",0.013329,0.010154,"0.25,0.125,0.0625,0.03125,0.015625,0.0078125,0.00390625,0.001953125,9.76625E-4,0.0","0.075,0.0375,0.01875,0.009375,0.0046875,0.00234375,0.001171875,5.86E-4,2.93E-4,0.0",uM,uM
1764,236,10,NCGC00016864-01,"Mefloquine","antimalarial agents; Inhibtion of heme crystallization",NCGC00164591-02,"Artemether","antimalarial agents",0.016792,0.007926,"0.25,0.125,0.0625,0.03125,0.015625,0.0078125,0.00390625,0.001953125,9.76625E-4,0.0","0.05,0.025,0.0125,0.00625,0.003125,0.0015625,7.8125E-4,3.90625E-4,1.95375E-4,0.0",uM,uM
1764,237,10,NCGC00016864-01,"Mefloquine","antimalarial agents; Inhibtion of heme crystallization",NCGC00164600-03,"Artesunate","antimalarial agents",0.014433,0.008486,"0.25,0.125,0.0625,0.03125,0.015625,0.0078125,0.00390625,0.001953125,9.76625E-4,0.0","0.05,0.025,0.0125,0.00625,0.003125,0.0015625,7.8125E-4,3.90625E-4,1.95375E-4,0.0",uM,uM
1764,238,10,NCGC00016864-01,"Mefloquine","antimalarial agents; Inhibtion of heme crystallization",NCGC00095235-01,"Artenimol","Antimalarial agents; Inhibtion of heme crystallization, redox disruption, SERCA, etc",0.011911,0.002507,"0.25,0.125,0.0625,0.03125,0.015625,0.0078125,0.00390625,0.001953125,9.76625E-4,0.0","0.025,0.0125,0.00625,0.003125,0.0015625,7.8125E-4,3.90625E-4,1.95375E-4,9.7625E-5,0.0",uM,uM
1764,239,10,NCGC00016864-01,"Mefloquine","antimalarial agents; Inhibtion of heme crystallization",NCGC00167490-02,"Lumefantrine","antimalarial agents",0.014452,0.009876,"0.25,0.125,0.0625,0.03125,0.015625,0.0078125,0.00390625,0.001953125,9.76625E-4,0.0","0.05,0.025,0.0125,0.00625,0.003125,0.0015625,7.8125E-4,3.90625E-4,1.95375E-4,0.0",uM,uM
1764,240,10,NCGC00016864-01,"Mefloquine","antimalarial agents; Inhibtion of heme crystallization",NCGC00016864-01,"Mefloquine","antimalarial agents; Inhibtion of heme crystallization",0.013222,0.014078,"0.25,0.125,0.0625,0.03125,0.015625,0.0078125,0.00390625,0.001953125,9.76625E-4,0.0","0.25,0.125,0.0625,0.03125,0.015625,0.0078125,0.00390625,0.001953125,9.76625E-4,0.0",uM,uM
