BlockId,Replicate,mqcClass,mqcConfidence,MedianExcess,NumExcess,ExcessHSA,ExcessCRX,LS3x3,Beta,Gamma,DBSumPos,DBSumNeg
1,1,good,0.982845,90.15235,40.0,-207.37259,510486.77096,-23.14352,0.98254,0.97966,2.13352,-3.84828
2,1,good,0.989987,68.84827,24.0,974.84905,420006.1221,-4.78811,1.15039,1.13877,11.12941,-0.39168
3,1,good,0.933244,84.34058,56.0,-424.91262,391187.94919,-26.76893,0.93801,0.93071,0.2913,-3.75258
4,1,good,0.974133,53.45855,34.0,-520.8369,330876.48102,-32.15873,0.95762,0.95693,0.18655,-5.3366
5,1,good,0.982874,98.48146,21.0,514.63707,191722.50325,-0.51396,1.06089,1.06094,5.78702,-0.25163
6,1,good,0.974133,98.47748,6.0,165.64465,491871.85219,0.0,1.01017,1.01017,2.04812,-0.39168
7,1,good,0.989305,79.36696,42.0,-432.07215,507233.72237,-16.2088,0.96475,0.96045,0.33071,-4.05096
8,1,good,0.817592,91.35761,13.0,299.78068,155896.69316,-0.22099,1.04756,1.04517,3.53177,-0.28899
9,1,good,0.8179,96.87872,33.0,111.11277,160636.93397,-1.44317,1.01624,1.01592,1.62692,-0.42934
10,1,good,0.95076,90.26559,69.0,-565.58236,117728.98013,-46.20285,0.85566,0.84893,1.17936,-5.42707
11,1,good,0.982097,78.57997,50.0,-92.15616,91311.18641,-5.37998,0.9781,0.9698,0.88019,-0.87388
12,1,good,0.95338,88.44157,65.0,-135.34324,90018.38878,-10.27497,0.99871,0.98325,0.72555,-1.13183
13,1,good,0.982687,64.70912,56.0,-643.24568,301758.86813,-35.88138,0.94934,0.94495,0.04743,-5.94473
14,1,good,0.933244,64.63359,47.0,-119.62387,433297.46051,-7.71897,0.9989,0.99072,0.66619,-1.05796
15,1,good,0.972608,32.97871,41.0,-464.85052,510617.36136,-26.83296,0.96073,0.95901,0.35586,-4.86559
16,1,medium,0.520949,89.53532,30.0,-82.30675,330147.42006,-41.85713,1.03799,1.02461,4.5241,-4.73941
17,1,good,0.949362,78.80134,32.0,-269.87985,310063.46161,-21.39648,0.98198,0.9802,0.64922,-3.1934
18,1,good,0.972608,31.37969,40.0,-303.42888,316090.57988,-19.19418,0.97559,0.97478,0.09093,-3.03111
19,1,good,0.74557,82.22794,26.0,660.27176,204248.4526,-7.50572,1.16895,1.13018,9.16112,-1.14553
20,1,good,0.972608,88.28725,19.0,-15.06117,307260.75834,-3.53343,0.99906,0.99785,1.06947,-1.11917
21,1,good,0.974133,95.00393,33.0,-614.26671,321965.71775,-40.66147,0.94695,0.94556,0.24065,-6.28242
22,1,good,0.882168,85.33619,36.0,-138.60513,259232.24214,-6.00305,0.98232,0.98018,0.72266,-1.91412
23,1,good,0.974133,97.26754,20.0,-339.76559,329867.33022,-15.0747,0.97183,0.97139,0.51288,-3.87301
24,1,good,0.974133,94.37671,25.0,-244.02636,323892.04707,-24.47698,0.98171,0.98148,0.33539,-2.74913
25,1,good,0.8965,95.54495,34.0,-114.05698,261605.74625,-5.09976,0.98931,0.9881,0.50465,-1.5626
26,1,good,0.971045,81.30459,33.0,-71.79726,392675.41148,-5.5775,0.99595,0.99402,0.63964,-1.08927
27,1,good,0.969459,51.72206,39.0,-81.46731,174494.52964,-10.62166,0.99805,0.98438,1.63179,-1.00727
28,1,good,0.969052,75.34466,35.0,-190.59726,95811.23494,-12.83033,0.96963,0.95222,0.13761,-1.1181
29,1,good,0.82423,97.62368,17.0,319.25848,160405.41912,-0.20907,1.023,1.02295,3.40381,-0.13742
30,1,good,0.974133,44.47547,39.0,-189.51206,299822.77426,-8.06587,0.98403,0.98335,0.60091,-2.43297
31,1,medium,0.806456,86.89207,30.0,583.73638,129324.3116,-0.77563,1.12451,1.11157,6.81924,-0.18925
32,1,good,0.964071,75.15416,36.0,-168.56695,366449.59605,-6.40387,0.9884,0.98671,0.36809,-1.71063
33,1,good,0.997517,89.06562,51.0,-470.21818,407514.71054,-20.68241,0.95029,0.94922,0.13674,-4.56103
34,1,good,0.940537,89.78217,45.0,-7.77219,288728.43343,-1.00984,1.0045,1.00234,0.89177,-0.49166
35,1,good,0.982845,66.76316,28.0,-23.82141,398198.87294,-3.77378,0.99795,0.9957,1.14148,-0.77256
36,1,good,0.961338,50.97564,15.0,-387.42527,365031.97861,-11.35338,0.9606,0.9605,1.22477,-5.0946
37,1,good,0.972608,79.0186,10.0,532.24831,288927.67393,-0.14715,1.01958,1.01831,6.08142,-0.62848
38,1,good,0.834004,98.30565,45.0,-495.92865,254561.63735,-25.44143,0.94343,0.94209,0.06234,-4.94684
39,1,good,0.980335,72.06264,12.0,1075.23731,231788.89593,-1.90412,1.15029,1.14092,12.15002,-0.26378
40,1,good,0.997605,85.77155,29.0,-304.48461,667790.38945,-21.98522,0.97007,0.96843,1.20064,-4.04698
41,1,good,0.987032,58.01058,25.0,-176.18164,583164.69744,-13.40114,0.9823,0.97871,1.3255,-2.68776
42,1,good,0.961485,92.13497,55.0,-523.63945,504392.55084,-29.11419,0.94421,0.93613,0.32599,-4.93708
43,1,good,0.997605,52.11006,42.0,-388.05541,666994.18607,-21.02869,0.96605,0.96431,0.17159,-3.79719
44,1,good,0.975486,72.94901,23.0,-133.93543,465548.99833,-2.91602,0.99009,0.98871,0.26299,-1.42637
45,1,good,0.976952,77.92435,26.0,-332.92679,631203.80942,-16.90529,0.95945,0.95779,0.35184,-3.56493
46,1,medium,0.672685,52.83243,1.0,518.13309,600681.31634,0.0,1.05088,1.05088,5.36532,-0.18398
47,1,good,0.974133,36.86508,38.0,-269.46606,426077.32382,-11.77084,0.9778,0.9778,0.03097,-2.72563
48,1,good,0.935488,35.82767,6.0,-61.65047,626901.89246,0.0,0.99437,0.99436,0.14576,-0.76058
49,1,good,0.974133,36.37474,12.0,605.33243,492229.6962,0.0,1.01775,1.01773,6.67629,-0.61112
50,1,good,0.834004,81.99511,26.0,-151.2468,419051.11884,-3.43868,0.98115,0.98115,0.17656,-1.68902
51,1,medium,0.816304,5.27285,5.0,-26.44366,631664.76865,0.0,0.99732,0.99732,0.13903,-0.40347
52,1,good,0.766105,88.99306,42.0,-292.68816,421275.31417,-22.37508,1.00015,0.99111,0.92102,-3.57052
53,1,good,0.998012,48.19837,30.0,447.87464,397606.82774,-7.95922,1.03733,1.03408,6.1758,-1.04824
54,1,good,0.997609,52.1139,47.0,-217.6668,423284.24873,-12.4393,0.98306,0.9802,0.25722,-1.98918
55,1,good,0.961485,67.33722,44.0,-65.54218,311132.83231,-4.68015,0.99992,0.9926,1.38757,-1.17687
56,1,good,0.99387,70.8556,31.0,161.1823,325288.62586,-8.03144,1.04202,1.03159,3.49885,-0.71067
57,1,good,0.868996,74.46313,24.0,-226.57652,330628.18053,-18.20971,0.95586,0.95571,0.35795,-2.60773
58,1,good,0.975975,84.65739,6.0,267.73065,277183.37556,0.0,1.02905,1.02811,2.93263,-0.04022
59,1,good,0.934353,87.47934,27.0,-195.22413,242661.39206,-6.16186,0.9696,0.96521,0.2413,-1.86325
60,1,good,0.974281,86.73468,36.0,-2.91622,251253.89926,-4.58124,0.99841,0.99763,0.61741,-0.39
61,1,good,0.873074,56.93521,29.0,-315.48618,466275.90657,-22.37891,0.97224,0.96829,0.32727,-3.23858
62,1,good,0.976841,66.32486,20.0,-18.04712,411270.89853,-0.11806,0.99824,0.99421,1.07887,-1.00504
63,1,good,0.933244,85.70664,39.0,-194.55249,334096.85267,-17.42231,0.97444,0.96908,0.38625,-2.012
64,1,good,0.941087,99.04846,36.0,-113.41341,209109.57304,-5.32919,0.98589,0.98301,0.32265,-1.29129
65,1,good,0.91525,70.35731,56.0,-296.79635,165410.34436,-10.1773,0.94085,0.91033,0.07363,-2.17905
66,1,good,0.944847,97.24668,33.0,-548.64673,464233.09155,-20.83245,0.93667,0.9344,0.55528,-5.90549
67,1,good,0.982845,31.30916,13.0,238.03889,372341.12277,-1.13533,1.02282,1.02087,3.07871,-0.31435
68,1,good,0.940537,67.41416,47.0,-140.50686,303010.13128,-9.07451,0.98691,0.98114,0.52389,-1.32952
69,1,good,0.982845,65.70378,37.0,-75.98839,430007.83949,-8.20315,0.98881,0.98574,1.05556,-1.22682
70,1,good,0.966344,72.10085,38.0,-138.68186,375290.14705,-21.42981,0.98984,0.9802,1.34856,-1.90792
71,1,good,0.96969,21.38863,11.0,92.05646,689378.99666,0.0,1.00426,1.00388,1.43992,-0.48187
72,1,good,0.974133,59.91825,24.0,-165.57093,645280.83985,-8.55957,0.98997,0.98948,0.31829,-1.92827
73,1,medium,0.680749,65.23335,29.0,967.34643,342134.66096,-1.96895,1.36231,1.26069,12.1458,-0.1806
74,1,medium,0.450098,3.81248,10.0,68.75952,731135.44619,0.0,1.00614,1.00614,0.98095,-0.29335
75,1,good,0.970677,45.09471,25.0,-44.34589,655694.74932,-5.36937,1.00461,1.00061,1.08823,-1.03446
76,1,good,0.844549,59.59006,52.0,-190.20382,439809.10717,-6.12412,0.98717,0.97676,0.52919,-1.59792
77,1,good,0.96743,23.84571,63.0,-373.7776,566383.52364,-18.08019,0.9715,0.96382,0.14713,-3.05925
78,1,good,0.928537,5.77901,29.0,-75.17575,736819.82938,-3.40225,0.99273,0.99268,0.20104,-0.94544
79,1,good,0.768213,67.67009,27.0,882.38656,397885.2315,-6.54804,1.21953,1.17188,11.08595,-0.87982
80,1,good,0.997605,27.84554,34.0,-174.50633,311983.4874,-9.14137,0.99021,0.98652,1.21487,-2.50801
81,1,good,0.981568,82.3728,37.0,-591.25101,311025.84175,-38.88317,0.95469,0.94917,0.82731,-6.16674
82,1,good,0.966884,61.68997,31.0,41.89331,220109.7779,-6.48859,1.00916,1.00288,1.85557,-0.90948
83,1,good,0.970677,26.95982,53.0,-787.22021,326809.40891,-48.56886,0.93198,0.92817,0.19258,-7.68881
84,1,good,0.989305,66.88529,39.0,-45.83864,265973.09446,-10.80836,1.00043,0.99619,1.55439,-1.4924
85,1,good,0.974727,84.91304,46.0,-347.38754,215881.67965,-30.36157,0.99097,0.97764,2.11625,-4.68444
86,1,good,0.997608,13.54642,31.0,-84.85898,312134.87156,-10.06412,0.99723,0.99353,1.55447,-1.94615
87,1,good,0.973831,69.60731,39.0,-306.79545,303396.28574,-21.09932,0.97876,0.97605,0.59917,-3.34838
88,1,good,0.889305,75.8938,53.0,-303.45202,223919.08815,-12.98248,0.96356,0.9595,0.25192,-2.81626
89,1,good,0.98703,35.73355,60.0,-818.68806,317025.23934,-56.90654,0.92637,0.92222,0.29953,-8.05289
90,1,good,0.975279,58.04702,49.0,-267.85714,268531.42368,-8.00214,0.97941,0.97596,0.26266,-2.48921
91,1,good,0.968101,80.95077,53.0,-534.92745,213846.15424,-39.36584,0.95698,0.94629,3.16885,-7.4545
92,1,good,0.986733,66.5489,26.0,14.57278,549350.16769,-0.94967,1.00837,1.00403,1.34896,-0.54866
93,1,good,0.976352,78.36597,44.0,-250.84815,557124.64404,-13.67442,0.96897,0.96624,0.49106,-2.29529
94,1,good,0.971045,77.09628,36.0,234.31419,424803.92908,-1.93797,1.0324,1.02783,3.97944,-0.56464
95,1,good,0.989987,60.27743,48.0,359.34371,524508.03774,-10.38511,1.03911,1.02769,7.68101,-2.32847
96,1,good,0.982845,63.32366,40.0,-154.9554,580439.39357,-14.83302,0.99043,0.98328,1.65254,-1.89543
97,1,good,0.971045,61.5342,61.0,-317.45826,472586.61996,-15.12425,0.97727,0.96201,0.41935,-2.04892
98,1,good,0.990205,54.80172,22.0,5.06265,349513.97786,-6.38494,1.00341,1.00122,1.05446,-0.53598
99,1,good,0.99387,49.9188,39.0,-285.96251,326194.56993,-18.66749,0.95544,0.95083,1.3528,-3.58321
100,1,good,0.961485,67.1199,42.0,-136.49284,270470.11607,-14.31164,0.99341,0.98621,0.95432,-1.52954
101,1,good,0.99387,79.20914,49.0,-492.89204,339735.31874,-33.69732,0.96731,0.9592,0.66097,-4.70345
102,1,good,0.988038,88.89223,49.0,-514.34036,251667.34658,-31.52948,0.94233,0.93901,0.25449,-4.75773
103,1,good,0.997249,61.44849,30.0,124.9511,249758.90042,-8.45587,1.04829,1.02838,3.6524,-0.65819
104,1,good,0.997619,62.69178,23.0,-96.82031,291607.8058,-20.20937,0.99421,0.99229,1.07178,-1.72131
105,1,good,0.99387,93.49594,45.0,-719.49579,299686.76799,-42.22441,0.93044,0.92864,0.18569,-7.04634
106,1,good,0.961485,91.65567,45.0,-119.62049,222439.93417,-14.26222,0.98486,0.98315,0.99701,-1.74156
107,1,good,0.997616,73.93171,26.0,-107.29196,307824.24898,-22.9,0.99253,0.99,1.51986,-2.1806
108,1,good,0.99387,74.49979,30.0,-5.8528,258035.90409,-8.48111,1.00237,0.9991,1.76722,-1.32931
109,1,good,0.992886,85.62308,48.0,-361.47135,218892.26101,-23.15572,0.96423,0.95903,0.57209,-3.72293
110,1,good,0.96743,53.03003,14.0,137.47234,321457.06052,-1.27817,1.00796,1.00676,2.09931,-0.54676
111,1,good,0.973185,84.13799,39.0,-273.09595,374611.54768,-16.20202,0.96875,0.96499,0.33825,-2.77826
112,1,good,0.997609,48.57159,17.0,188.90542,486637.32229,-0.69513,1.00864,1.00745,3.1109,-1.03248
113,1,good,0.989845,54.11344,38.0,-41.15583,434373.13249,-2.57266,0.99611,0.99226,1.30276,-1.08463
114,1,good,0.99387,81.68944,48.0,-116.99476,425052.86612,-10.42184,1.00183,0.9973,0.66906,-1.33659
115,1,good,0.997124,47.13451,34.0,67.2759,413762.52332,-4.48851,1.01945,1.01434,1.89032,-0.66134
116,1,good,0.997591,32.63166,28.0,158.23337,338388.3317,-4.57289,1.01021,1.00806,3.80144,-1.69346
117,1,good,0.954591,95.31493,46.0,-380.75908,300150.80527,-29.23798,0.94268,0.94199,0.1109,-3.80108
118,1,good,0.997452,76.98752,15.0,184.45658,414112.63115,-5.81716,1.02341,1.01979,2.81746,-0.48113
119,1,good,0.992886,48.7454,37.0,-87.89119,403598.98703,-8.45065,0.98865,0.98633,0.94284,-1.44324
120,1,good,0.982845,58.52134,24.0,183.12966,381467.77432,-7.34598,1.02293,1.01869,2.97118,-0.41681
121,1,good,0.99387,79.92817,38.0,-133.63933,436229.08429,-8.9711,0.99159,0.98897,0.96364,-1.84379
122,1,good,0.995856,59.70025,47.0,-251.33493,382569.84627,-13.38957,0.97756,0.97022,0.81955,-2.05306
123,1,good,0.964521,43.50385,37.0,177.77973,419955.13724,-1.21622,0.99531,0.99517,2.51368,-0.64904
124,1,good,0.84147,99.46952,43.0,-145.6461,316770.39081,-8.76412,0.98252,0.97849,0.19025,-1.46828
125,1,good,0.950937,94.55446,32.0,-8.26829,305180.38768,-3.65336,1.00695,1.00195,0.91575,-0.48344
126,1,good,0.904256,98.51539,40.0,-131.61476,159520.29111,-2.93271,0.96912,0.96882,0.22506,-1.41954
127,1,good,0.9732,40.28134,28.0,-139.86954,546576.605,-8.35869,0.98095,0.97852,0.55254,-1.56137
128,1,good,0.976352,64.84086,38.0,-54.09469,501464.10227,-8.49146,1.0013,0.99575,0.95142,-0.77658
129,1,good,0.988038,67.40736,36.0,-82.68105,476882.12275,-11.29797,1.01191,1.00016,1.27886,-0.9187
130,1,good,0.978157,51.36181,25.0,39.93733,509537.09143,-6.32182,1.01177,1.00794,1.54729,-0.49435
131,1,good,0.972713,47.87416,30.0,136.4935,425249.19165,-8.36347,1.02207,1.01655,3.26435,-0.90633
132,1,good,0.932857,38.77924,12.0,495.68334,475057.02432,-0.26712,1.0396,1.03518,5.41461,-0.0532
133,1,good,0.976352,65.51435,38.0,-257.6309,590276.60134,-13.65274,0.98052,0.97516,0.35859,-1.99483
134,1,good,0.991554,30.85192,36.0,-88.90513,519472.74835,-11.44742,0.99559,0.98864,0.71519,-0.70492
135,1,good,0.98674,83.64674,50.0,-713.21882,321295.09654,-33.86222,0.93203,0.9269,0.39247,-7.08438
136,1,good,0.996697,67.26132,32.0,-37.21173,278764.03774,-9.87745,0.99769,0.99421,1.13973,-1.12769
137,1,good,0.981172,88.8403,51.0,-430.88364,262464.66514,-25.33955,0.95212,0.94727,0.43281,-4.27424
138,1,good,0.99387,53.47641,43.0,-372.01061,305001.15147,-27.44573,0.97136,0.96616,0.70074,-3.93185
139,1,good,0.982845,50.79699,47.0,-118.4173,241555.83717,-4.80279,0.98355,0.98096,0.57123,-1.34678
140,1,good,0.982845,87.14043,37.0,-281.1278,226946.00743,-32.31101,0.96885,0.96504,1.31905,-3.68973
141,1,good,0.975975,64.48075,47.0,31.02352,135704.1354,-3.2411,1.00508,0.99739,1.61763,-0.48883
142,1,good,0.961346,34.10534,24.0,144.45588,175624.10311,-4.92991,1.00972,1.00837,2.37258,-0.6828
143,1,good,0.997616,23.55299,36.0,-8.66697,414181.16471,-3.74837,0.99735,0.99417,1.54245,-0.87074
144,1,good,0.997609,68.68667,23.0,-53.86559,404272.42105,-16.78118,1.00837,0.99959,2.03841,-1.48778
145,1,good,0.992886,68.9679,39.0,-14.39521,369668.833,-7.43112,1.0204,1.01011,1.9663,-0.74015
146,1,good,0.997616,25.7582,37.0,-105.96216,419425.33954,-8.84025,0.99307,0.98554,1.19061,-1.16163
147,1,good,0.976352,58.8611,48.0,-436.28744,345867.29747,-29.23263,0.95767,0.94692,0.62594,-3.95781
148,1,good,0.99387,56.1285,38.0,-195.64602,271636.79852,-7.2984,0.98391,0.97662,0.58227,-1.61528
149,1,good,0.959058,58.36071,31.0,95.17828,330634.06866,-2.33985,1.03303,1.02295,2.71372,-0.62604
150,1,good,0.82801,86.75235,44.0,-618.47774,400789.33586,-42.87078,0.9376,0.93306,0.17691,-6.0815
151,1,good,0.959058,60.906,17.0,82.33358,347643.29169,-1.05258,1.01085,1.00856,1.53004,-0.33248
152,1,good,0.940537,81.38938,52.0,-199.10662,314176.10198,-7.70618,0.97909,0.9729,0.71696,-2.06679
153,1,good,0.936701,32.05427,30.0,-15.61476,363574.06624,-3.40418,0.99725,0.99413,1.03758,-0.7221
154,1,good,0.961346,80.0244,20.0,295.75,247681.63242,-1.3121,1.02422,1.02275,3.71345,-0.16865
155,1,good,0.951762,66.09594,30.0,-20.82403,395163.0127,-9.4119,0.99404,0.9918,1.42617,-0.99924
156,1,good,0.937274,95.11101,21.0,-374.77592,725905.73737,-23.51968,0.96724,0.96628,1.68933,-5.30592
157,1,good,0.96743,65.10417,17.0,14.812,634105.00177,-1.22033,0.99738,0.99581,1.09961,-0.77368
158,1,good,0.915235,67.1402,38.0,-93.15588,594520.39629,-5.15855,0.99199,0.98928,0.82498,-1.46766
159,1,good,0.949362,76.36434,14.0,56.28097,654124.47534,-5.36948,1.01282,1.00791,2.4119,-1.44325
160,1,good,0.917284,93.23522,28.0,-303.97796,499765.68837,-29.42488,0.97068,0.9679,0.43564,-3.26993
161,1,good,0.962816,29.90673,39.0,-245.03954,641030.9846,-6.6819,0.98184,0.97821,0.38332,-2.46029
162,1,good,0.916457,97.94878,35.0,-547.20106,561384.38644,-45.01071,0.93633,0.93311,0.20651,-5.46281
163,1,good,0.982845,74.19208,21.0,28.92087,491012.22258,-0.36346,0.99852,0.99793,1.38611,-0.83398
164,1,good,0.929906,73.02572,31.0,-102.39399,432869.57988,-8.36275,0.9844,0.98164,0.82489,-1.4224
165,1,good,0.984365,60.50657,26.0,-2.14053,507434.46128,-1.57014,1.00459,1.00067,1.09313,-0.66573
166,1,good,0.940537,98.05529,19.0,423.59379,380254.58265,-0.29695,1.04546,1.0458,4.84968,-0.08634
167,1,good,0.988038,89.30983,38.0,-179.57405,389983.4119,-14.54406,0.9781,0.9765,0.78314,-2.17366
168,1,good,0.90401,60.91301,21.0,-108.61776,489144.31325,-17.49719,0.98567,0.98359,0.93369,-1.80637
169,1,good,0.992886,60.95609,46.0,-286.70444,427744.94717,-19.60665,0.97969,0.96721,1.18288,-2.60876
170,1,good,0.988038,79.49741,47.0,-218.94381,376826.94273,-20.59135,0.98816,0.97888,0.80943,-2.03141
171,1,good,0.972713,45.95071,33.0,-7.05848,463767.83444,-5.33079,0.99876,0.9967,0.94081,-0.66279
172,1,good,0.98703,48.02321,27.0,-58.53663,453846.13659,-15.85552,1.00337,0.99568,1.58993,-1.21382
173,1,good,0.954423,67.72811,69.0,-306.08465,214965.12319,-19.50297,0.96172,0.9468,0.7958,-1.94636
174,1,good,0.99387,75.09116,62.0,-652.95665,448951.46835,-27.68959,0.9342,0.92324,0.27249,-5.39821
175,1,good,0.944732,60.49367,34.0,-156.38922,546903.2331,-8.64423,0.98374,0.97954,0.86785,-1.84057
176,1,good,0.982845,55.41912,39.0,-110.61491,532869.1493,-5.5114,0.99154,0.98649,0.59896,-0.97824
177,1,good,0.988038,74.5811,61.0,-561.91064,549148.92772,-22.81543,0.93355,0.92373,0.28739,-4.76522
178,1,good,0.951762,29.60597,15.0,215.09016,494120.3493,-2.35195,1.02817,1.02396,3.21667,-0.32414
179,1,good,0.966233,76.16141,49.0,-100.22456,338283.30194,-7.28079,0.98737,0.98729,0.59953,-1.41255
180,1,good,0.977869,100.40376,28.0,-715.20458,368819.62126,-64.24215,0.91646,0.91465,1.81984,-8.79418
181,1,good,0.99387,59.4904,45.0,-343.92907,316195.75709,-24.18981,0.95894,0.95598,0.60082,-3.73393
182,1,good,0.976352,63.75993,50.0,-277.07944,276193.88934,-25.35005,0.97293,0.96416,0.78194,-2.67845
183,1,good,0.99387,77.48536,46.0,-651.16139,325764.26813,-37.87012,0.93789,0.93259,0.64132,-6.57424
184,1,good,0.992886,66.17705,44.0,-65.07819,270593.03192,-9.64762,0.99756,0.99347,1.55153,-1.68327
185,1,good,0.981172,93.27765,55.0,-810.97389,238312.31376,-51.96294,0.91172,0.90356,0.3785,-7.64289
186,1,good,0.990205,71.73643,27.0,36.42052,341098.64476,-8.51168,1.01819,1.01265,1.99029,-0.65507
187,1,good,0.950937,91.0537,30.0,-22.05791,194439.93344,-10.66543,1.02518,1.0221,1.34156,-1.02326
188,1,good,0.973101,75.98251,37.0,-123.4431,189543.28226,-4.07345,0.98179,0.98174,0.38865,-1.4306
189,1,good,0.976759,31.0775,37.0,1.46103,267987.07838,-1.50468,1.01209,1.00044,1.91046,-0.55878
190,1,good,0.975975,60.50382,37.0,-326.36918,261732.98219,-19.66397,0.93662,0.90769,1.56899,-2.64879
191,1,good,0.957905,54.75709,47.0,-5.60878,261538.52711,-8.23525,1.02798,1.01314,1.87038,-0.75609
192,1,good,0.954591,87.96981,75.0,-846.015,267691.329,-43.42601,0.84141,0.81758,0.40028,-6.94579
193,1,good,0.904256,31.2,58.0,-191.87977,172320.58959,-8.4257,0.98055,0.96985,0.31967,-0.78835
194,1,good,0.954591,83.02636,43.0,-56.74431,337188.1399,-7.6856,0.99417,0.99241,0.74533,-1.05437
195,1,good,0.947892,92.96451,51.0,-122.19232,342359.62573,-6.59338,0.98764,0.98701,0.24864,-1.27536
196,1,good,0.905958,88.70471,18.0,24.82738,303733.39432,-1.18824,0.99982,0.99977,0.7743,-0.31365
197,1,good,0.980366,23.2656,39.0,-68.83113,344738.92402,-3.17992,0.98975,0.98799,0.77407,-1.1659
198,1,good,0.954423,76.48741,33.0,-73.22579,287212.37005,-7.35777,0.98523,0.98518,0.5018,-1.06063
199,1,good,0.979631,74.38537,26.0,-88.52211,257581.32312,-5.1731,0.97727,0.97731,0.68656,-1.33398
200,1,good,0.935846,81.06208,27.0,21.21675,336978.6649,-1.29623,1.00507,1.00275,0.85323,-0.22338
201,1,good,0.950937,88.43941,35.0,-57.31197,345466.16917,-9.55914,0.99976,0.99623,0.74294,-0.85878
202,1,good,0.91525,38.95646,19.0,72.849,289041.91301,-2.71067,1.01885,1.01465,2.22862,-0.89576
203,1,good,0.91525,49.25034,23.0,412.23672,230358.36373,-3.38612,1.04414,1.0416,5.25346,-0.23928
204,1,good,0.91525,11.61508,23.0,145.68138,329307.46007,-2.46766,1.01066,1.01008,1.80403,-0.12655
205,1,good,0.98703,29.56565,44.0,-149.4603,576235.27711,-4.2097,0.98643,0.98543,0.71729,-1.93657
206,1,good,0.98703,36.99152,33.0,-62.462,537158.78986,-4.2461,0.99227,0.98985,0.90892,-1.14986
207,1,good,0.92669,43.18883,39.0,-130.13643,504067.15182,-8.25257,0.98986,0.98362,0.7541,-1.40044
208,1,good,0.991554,56.39635,39.0,-38.68475,487769.27459,-9.20601,1.01072,0.99933,1.50547,-0.60438
209,1,good,0.960289,21.14896,27.0,-1.13377,521101.97129,-1.11914,1.00579,0.99668,2.06369,-1.32595
210,1,good,0.96743,42.82396,42.0,-270.20604,506573.01353,-31.61835,0.97725,0.9648,2.05867,-3.63714
211,1,good,0.990205,50.30013,40.0,-132.64633,527534.51897,-6.54466,1.00018,0.98756,1.04179,-0.99034
212,1,good,0.911586,82.34403,21.0,60.18315,467211.45088,-3.79853,1.05483,1.02327,2.30391,-0.67874
213,1,good,0.976352,82.3088,62.0,-1008.20129,513144.49988,-41.66051,0.91145,0.8782,0.25217,-7.77808
214,1,good,0.951585,18.7681,25.0,147.21086,348106.11163,-2.2348,1.0249,1.01659,3.07067,-0.23371
215,1,good,0.99387,49.74912,29.0,72.23439,536508.80397,-10.431,1.03197,1.01831,2.87312,-0.31925
216,1,good,0.989987,41.95382,20.0,269.67648,433998.81402,-3.29329,1.04539,1.03162,3.92701,-0.14267
217,1,good,0.992886,75.11898,42.0,-285.34919,593021.03,-13.55845,0.98201,0.97378,0.64894,-2.77873
218,1,good,0.997042,28.28378,34.0,-31.87809,581925.53767,-2.78852,0.9937,0.99031,1.62399,-0.80483
219,1,good,0.975323,99.9026,27.0,-207.4973,601132.74034,-9.03041,0.97224,0.97046,1.67008,-3.53822
220,1,good,0.964071,97.33096,18.0,96.74055,559776.21244,-0.77511,1.00396,1.00391,1.67847,-0.55104
221,1,good,0.940537,76.52977,36.0,-32.29455,492274.96103,-5.18014,0.99678,0.99512,1.09545,-1.14207
222,1,good,0.979905,8.43078,23.0,133.62798,580636.06038,-0.76443,1.00275,1.00264,1.89941,-0.40734
223,1,good,0.973222,96.37464,24.0,110.03005,422739.41691,-0.47324,1.00865,1.00853,1.4766,-0.08857
224,1,good,0.974562,67.27686,30.0,63.36128,605666.47806,-2.28279,0.99928,0.99779,1.59094,-0.66425
225,1,good,0.987024,77.04867,39.0,-539.48022,676964.62473,-21.49931,0.9459,0.94255,0.53759,-5.40928
226,1,good,0.994766,14.73302,3.0,473.62011,582942.74572,0.0,1.04595,1.04465,5.31787,-0.00132
227,1,good,0.995856,75.10493,28.0,48.42747,579009.00665,-7.41246,1.0082,1.00468,2.08544,-0.81578
228,1,good,0.998238,51.11691,15.0,160.33649,640341.97335,-3.15955,1.02294,1.01744,2.69269,-0.31396
229,1,good,0.976352,62.53875,46.0,-68.44404,528261.2633,-4.7313,1.00293,0.99976,0.79021,-0.77538
230,1,good,0.982845,60.78994,35.0,-58.58417,460414.11697,-7.68871,0.99288,0.99086,0.85731,-0.82212
231,1,good,0.976352,82.37169,56.0,-582.31674,504877.51889,-28.81378,0.94358,0.9395,0.09419,-5.46286
232,1,good,0.976352,77.50502,31.0,-77.04275,465823.43929,-7.37784,0.99712,0.99297,0.69951,-0.97024
233,1,good,0.929906,91.003,42.0,-355.86878,407864.36565,-28.71956,0.96516,0.95596,0.702,-3.48781
234,1,good,0.992886,47.87764,31.0,-63.19826,478913.98322,-6.89151,1.0003,0.99484,1.06645,-1.05116
235,1,good,0.973222,55.85671,38.0,-57.20226,340925.83429,-5.59046,0.99832,0.9948,0.57032,-0.56092
236,1,good,0.976352,83.10552,42.0,-278.60701,427635.29407,-17.20644,0.97024,0.96716,0.46482,-2.86012
237,1,good,0.976352,93.12819,48.0,-582.10642,439566.36715,-48.03786,0.93679,0.93281,0.31875,-5.72487
238,1,good,0.940537,75.4293,42.0,-169.64483,359106.24597,-19.36,0.9791,0.97483,1.05627,-2.16895
239,1,good,0.978157,21.18802,26.0,-13.82652,419032.28426,-12.14568,0.99054,0.98817,1.68083,-1.33018
240,1,good,0.933244,34.07152,22.0,128.41651,283840.02992,-4.63702,1.01362,1.00894,2.52454,-0.46764
